"type","label","hidden","current_path","proposed_path","decision","priority","rationale","replacement","courses","local_examples","evidence_scope","placement","source"
"sz_g2d_create_text_sprite","Criar sprite %1 com texto %2 em x %3 y %4","false","Jogo 2D > 🎮 Sprites","Sprites > Criar e trocar aparência","MANTER / REORGANIZAR","P1","Manter: criação dinâmica, aparência, dados e clique são capacidades distintas já disponíveis. Não acrescentar um bloco separado para números.","","","Chuva de números | Quiz de números","catálogo e inspeção direcionada; uso externo não medido","command","packages/studio/src/official-extensions/game-2d/blockCatalogText.ts:9"
"sz_g2d_spawn_text_in_group","No grupo %1 criar sprite %2 com texto %3 em x %4 y %5","false","Jogo 2D > 📦 Muitos","Grupos > Criar e percorrer","MANTER / REORGANIZAR","P1","Manter: criação dinâmica, aparência, dados e clique são capacidades distintas já disponíveis. Não acrescentar um bloco separado para números.","","","Chuva de números | Quiz de números","catálogo e inspeção direcionada; uso externo não medido","command","packages/studio/src/official-extensions/game-2d/blockCatalogText.ts:26"
"sz_g2d_set_sprite_text","Mudar o texto do sprite %1 para %2","false","Jogo 2D > 🎮 Sprites","Sprites > Texto e números","MANTER / REORGANIZAR","P1","Texto exibido separado dos dados; caixa controla quebra de linha, fundo e área de clique.","","","Quiz de números","catálogo e inspeção direcionada; uso externo não medido","command","packages/studio/src/official-extensions/game-2d/blockCatalogText.ts:44"
"sz_g2d_sprite_text","texto do sprite %1","false","Jogo 2D > 🎮 Sprites","Sprites > Texto e números","MANTER / REORGANIZAR","P1","Texto exibido separado dos dados; caixa controla quebra de linha, fundo e área de clique.","","","","catálogo e inspeção direcionada; uso externo não medido","expression","packages/studio/src/official-extensions/game-2d/blockCatalogText.ts:59"
"sz_g2d_set_text_style","Texto do sprite %1 tamanho %2 cor %3","false","Jogo 2D > 🎮 Sprites","Sprites > Texto e números","MANTER / REORGANIZAR","P1","Texto exibido separado dos dados; caixa controla quebra de linha, fundo e área de clique.","","","Chuva de números | Quiz de números","catálogo e inspeção direcionada; uso externo não medido","command","packages/studio/src/official-extensions/game-2d/blockCatalogText.ts:68"
"sz_g2d_set_text_box","Caixa de texto do sprite %1 largura %2 alinhamento %3 margem %4 fundo %5","false","Jogo 2D > 🎮 Sprites","Sprites > Texto e números","MANTER / REORGANIZAR","P1","Texto exibido separado dos dados; caixa controla quebra de linha, fundo e área de clique.","","","Chuva de números | Quiz de números","catálogo e inspeção direcionada; uso externo não medido","command","packages/studio/src/official-extensions/game-2d/blockCatalogText.ts:84"
"sz_g2d_set_sprite_data","Guardar no sprite %1 o dado %2 como %3","false","Jogo 2D > 🎮 Sprites","Sprites > Dados","MANTER / REORGANIZAR","P1","Manter dados tipados separados do texto; as operações servem a qualquer sprite.","","","Chuva de números | Quiz de números","catálogo e inspeção direcionada; uso externo não medido","command","packages/studio/src/official-extensions/game-2d/blockCatalogText.ts:110"
"sz_g2d_sprite_data","dado %1 do sprite %2 ou %3","false","Jogo 2D > 🎮 Sprites","Sprites > Dados","MANTER / REORGANIZAR","P1","Manter dados tipados separados do texto; as operações servem a qualquer sprite.","","","Chuva de números | Quiz de números","catálogo e inspeção direcionada; uso externo não medido","expression","packages/studio/src/official-extensions/game-2d/blockCatalogText.ts:126"
"sz_g2d_on_sprite_click","Quando clicar/tocar no sprite %1","false","Jogo 2D > 🎛️ Controles","Controles > Teclado, ações e toque","MANTER / REORGANIZAR","P1","Manter: criação dinâmica, aparência, dados e clique são capacidades distintas já disponíveis. Não acrescentar um bloco separado para números.","","","Chuva de números | Quiz de números","catálogo e inspeção direcionada; uso externo não medido","event","packages/studio/src/official-extensions/game-2d/blockCatalogText.ts:140"
"sz_g2d_on_group_click","Quando clicar/tocar num sprite do grupo %1 chamá-lo de %2","false","Jogo 2D > 🎛️ Controles","Controles > Teclado, ações e toque","MANTER / REORGANIZAR","P1","Manter: criação dinâmica, aparência, dados e clique são capacidades distintas já disponíveis. Não acrescentar um bloco separado para números.","","","Quiz de números","catálogo e inspeção direcionada; uso externo não medido","event","packages/studio/src/official-extensions/game-2d/blockCatalogText.ts:154"
"sz_g2d_enable_classic_controls","Ativar controles clássicos %1","false","Jogo 2D > 🎛️ Controles","Controles > Teclado, ações e toque","MANTER / REORGANIZAR","P1","Manter a capacidade; reorganizar na família proposta. Ausência nos cursos ou exemplos não prova desuso.","","","Reino Zero","triagem editorial do catálogo; uso externo não medido","start-only-command","packages/studio/src/official-extensions/game-2d/blockCatalogClassic.ts:21"
"sz_g2d_action_down","a ação %1 está sendo segurada?","false","Jogo 2D > 🎛️ Controles","Controles > Teclado, ações e toque","MANTER / REORGANIZAR","P1","Manter a capacidade; reorganizar na família proposta. Ausência nos cursos ou exemplos não prova desuso.","","","Reino Zero","triagem editorial do catálogo; uso externo não medido","expression","packages/studio/src/official-extensions/game-2d/blockCatalogClassic.ts:42"
"sz_g2d_action_pressed","a ação %1 acabou de ser apertada?","false","Jogo 2D > 🎛️ Controles","Controles > Teclado, ações e toque","MANTER / REORGANIZAR","P1","Manter a capacidade; reorganizar na família proposta. Ausência nos cursos ou exemplos não prova desuso.","","","Reino Zero","triagem editorial do catálogo; uso externo não medido","expression","packages/studio/src/official-extensions/game-2d/blockCatalogClassic.ts:50"
"sz_g2d_on_action_pressed","Quando a ação %1 for apertada","false","Jogo 2D > 🎛️ Controles","Controles > Teclado, ações e toque","MANTER / REORGANIZAR","P1","Manter a capacidade; reorganizar na família proposta. Ausência nos cursos ou exemplos não prova desuso.","","","Reino Zero","triagem editorial do catálogo; uso externo não medido","event","packages/studio/src/official-extensions/game-2d/blockCatalogClassic.ts:58"
"sz_g2d_classic_platformer","Mover o sprite %1 como plataforma clássica, velocidade %2 pulo %3","false","Jogo 2D > 🕹️ Movimento","Movimento > Plataforma","AJUSTAR","P0","Manter chão na borda, terreno confirmado e controlador clássico com gravidade própria separados; oferecer receitas de combinações válidas.","","","Reino Zero","catálogo e inspeção direcionada; uso externo não medido","command","packages/studio/src/official-extensions/game-2d/blockCatalogClassic.ts:73"
"sz_g2d_create_vector_tileset","Criar conjunto de tiles vetoriais %1 com tiles de %2 px","false","Jogo 2D > 🗺️ Mapas","Cenários > Mapas","MANTER / REORGANIZAR","P1","Manter a capacidade; reorganizar na família proposta. Ausência nos cursos ou exemplos não prova desuso.","","","Reino Zero","triagem editorial do catálogo; uso externo não medido","start-only-command","packages/studio/src/official-extensions/game-2d/blockCatalogClassic.ts:89"
"sz_g2d_define_vector_tile","No conjunto %1 definir tile %2 com a figura %3 como %4","false","Jogo 2D > 🗺️ Mapas","Cenários > Mapas","MANTER / REORGANIZAR","P1","Manter a capacidade; reorganizar na família proposta. Ausência nos cursos ou exemplos não prova desuso.","","","Reino Zero","triagem editorial do catálogo; uso externo não medido","start-only-command","packages/studio/src/official-extensions/game-2d/blockCatalogClassic.ts:102"
"sz_g2d_create_vector_tilemap","Criar mapa vetorial %1 com o conjunto %2 e grade %3","false","Jogo 2D > 🗺️ Mapas","Cenários > Mapas","MANTER / REORGANIZAR","P1","Manter a capacidade; reorganizar na família proposta. Ausência nos cursos ou exemplos não prova desuso.","","","","triagem editorial do catálogo; uso externo não medido","start-only-command","packages/studio/src/official-extensions/game-2d/blockCatalogClassic.ts:128"
"sz_g2d_load_vector_campaign_level","Carregar fase %1 da campanha vetorial %2","false","Jogo 2D > 🚩 Fases","Cenários > Fases e campanha","MANTER / REORGANIZAR","P1","Manter a capacidade; reorganizar na família proposta. Ausência nos cursos ou exemplos não prova desuso.","","","Reino Zero","triagem editorial do catálogo; uso externo não medido","resource-creator","packages/studio/src/official-extensions/game-2d/blockCatalogClassic.ts:142"
"sz_g2d_campaign_value","dado %1 da fase carregada (ou %2)","false","Jogo 2D > 🚩 Fases","Cenários > Fases e campanha","MANTER / REORGANIZAR","P1","Manter a capacidade; reorganizar na família proposta. Ausência nos cursos ou exemplos não prova desuso.","","","Reino Zero","triagem editorial do catálogo; uso externo não medido","expression","packages/studio/src/official-extensions/game-2d/blockCatalogClassic.ts:174"
"sz_g2d_for_each_tile_contact","Para cada tile que %1 toca no lado %2 do mapa %3 chamar de %4","false","Jogo 2D > 💥 Colisões","Colisões > Encostar e bloquear","MANTER / REORGANIZAR","P1","Manter a capacidade; reorganizar na família proposta. Ausência nos cursos ou exemplos não prova desuso.","","","Reino Zero","triagem editorial do catálogo; uso externo não medido","command","packages/studio/src/official-extensions/game-2d/blockCatalogClassic.ts:187"
"sz_g2d_tile_contact_is","o contato %1 é com o tile %2?","false","Jogo 2D > 💥 Colisões","Colisões > Encostar e bloquear","MANTER / REORGANIZAR","P1","Manter a capacidade; reorganizar na família proposta. Ausência nos cursos ou exemplos não prova desuso.","","","Reino Zero","triagem editorial do catálogo; uso externo não medido","expression","packages/studio/src/official-extensions/game-2d/blockCatalogClassic.ts:217"
"sz_g2d_set_tile_at_contact","No contato %1 trocar o tile para %2","false","Jogo 2D > 💥 Colisões","Colisões > Encostar e bloquear","MANTER / REORGANIZAR","P1","Manter a capacidade; reorganizar na família proposta. Ausência nos cursos ou exemplos não prova desuso.","","","Reino Zero","triagem editorial do catálogo; uso externo não medido","command","packages/studio/src/official-extensions/game-2d/blockCatalogClassic.ts:229"
"sz_g2d_set_enemy_stomp_mode","Ao pisar no tipo %1 usar modo %2","false","Jogo 2D > 😈 Inimigos","Inimigos > Tipos e comportamentos","MANTER / REORGANIZAR","P1","Manter a capacidade; reorganizar na família proposta. Ausência nos cursos ou exemplos não prova desuso.","","","Reino Zero","triagem editorial do catálogo; uso externo não medido","start-only-command","packages/studio/src/official-extensions/game-2d/blockCatalogClassic.ts:242"
"sz_g2d_update_enemy_shells","Atualizar os cascos do tipo %1 no Mundo %2","false","Jogo 2D > 😈 Inimigos","Inimigos > Tipos e comportamentos","AJUSTAR","P1","Explicar quais comportamentos cada passo avança; casco tem atualização própria e não pode ser fundido sem prova de equivalência.","","","Reino Zero","catálogo e inspeção direcionada; uso externo não medido","command","packages/studio/src/official-extensions/game-2d/blockCatalogClassic.ts:266"
"sz_g2d_draw_pixel_text","Escrever texto pixel %1 em x %2 y %3 pixel %4 cor %5 alinhado %6","false","Jogo 2D > 🏆 Placar e HUD","Vida e placar > Indicadores e texto na tela","AJUSTAR","P2","Estilo pixel não justifica automaticamente duplicação: texto pixel atualmente literal e placar computado têm contratos diferentes. Consolidar somente após expressão e layout equivalentes.","","","Reino Zero","catálogo e inspeção direcionada; uso externo não medido","command","packages/studio/src/official-extensions/game-2d/blockCatalogClassic.ts:280"
"sz_g2d_paint_shape_recipe","Desenhar receita vetorial %1","false","Jogo 2D > 🎨 Desenho","Desenho e efeitos > Figuras","MANTER / REORGANIZAR","P1","Manter a capacidade; reorganizar na família proposta. Ausência nos cursos ou exemplos não prova desuso.","","","Reino Zero","triagem editorial do catálogo; uso externo não medido","command","packages/studio/src/official-extensions/game-2d/blockCatalogClassic.ts:306"
"sz_g2d_draw_pixel_score","Escrever placar pixel %1 com o valor %2 em x %3 y %4 pixel %5 cor %6","false","Jogo 2D > 🏆 Placar e HUD","Vida e placar > Indicadores e texto na tela","AJUSTAR","P2","Estilo pixel não justifica automaticamente duplicação: texto pixel atualmente literal e placar computado têm contratos diferentes. Consolidar somente após expressão e layout equivalentes.","","","Reino Zero","catálogo e inspeção direcionada; uso externo não medido","command","packages/studio/src/official-extensions/game-2d/blockCatalogClassic.ts:317"
"sz_g2d_draw_fade","Cobrir a tela com fade de %1 por cento na cor %2","false","Jogo 2D > ✨ Aparência","Desenho e efeitos > Efeitos","AJUSTAR","P1","Explicitar geração, avanço e desenho de efeitos. draw_particles também avança partículas; fade desenha cobertura, não troca tela.","","","Reino Zero","catálogo e inspeção direcionada; uso externo não medido","command","packages/studio/src/official-extensions/game-2d/blockCatalogClassic.ts:336"
"sz_g2d_paddle_bounce","Rebater a bola %1 na raquete %2 acelerando %3 por cento","false","Jogo 2D > 🕹️ Movimento","Movimento > Bordas e rebatidas","MANTER / REORGANIZAR","P1","Manter variantes: quatro bordas, par de bordas e raquete têm física e objetivos diferentes.","","","Pong","catálogo e inspeção direcionada; uso externo não medido","command","packages/studio/src/official-extensions/game-2d/blockCatalogClassic.ts:352"
"sz_g2d_bounce_edge_pair","Quicar o sprite %1 só %2","false","Jogo 2D > 🕹️ Movimento","Movimento > Bordas e rebatidas","MANTER / REORGANIZAR","P1","Manter variantes: quatro bordas, par de bordas e raquete têm física e objetivos diferentes.","","","Pong","catálogo e inspeção direcionada; uso externo não medido","command","packages/studio/src/official-extensions/game-2d/blockCatalogClassic.ts:368"
"sz_g2d_arrows_y","Mover o sprite %1 com as setas ↑ ↓, velocidade %2","false","Jogo 2D > 🕹️ Movimento","Movimento > Movimentos prontos","MANTER / REORGANIZAR","P1","Manter a capacidade; reorganizar na família proposta. Ausência nos cursos ou exemplos não prova desuso.","","","Pong","triagem editorial do catálogo; uso externo não medido","command","packages/studio/src/official-extensions/game-2d/blockCatalogClassic.ts:390"
"sz_g2d_stage_width","a largura da tela","false","Jogo 2D > 🎯 Mira e contas","Jogo e telas > Preparar a área do jogo","AJUSTAR","P0","Separar resolução lógica e ocupação da janela; preservar coordenadas e padrões. Preparação não pertence à aparência de um sprite.","","","Pong","catálogo e inspeção direcionada; uso externo não medido","expression","packages/studio/src/official-extensions/game-2d/blockCatalogClassic.ts:405"
"sz_g2d_stage_height","a altura da tela","false","Jogo 2D > 🎯 Mira e contas","Jogo e telas > Preparar a área do jogo","AJUSTAR","P0","Separar resolução lógica e ocupação da janela; preservar coordenadas e padrões. Preparação não pertence à aparência de um sprite.","","","Pong","catálogo e inspeção direcionada; uso externo não medido","expression","packages/studio/src/official-extensions/game-2d/blockCatalogClassic.ts:414"
"sz_g2d_create_sprite","Criar sprite %1 em x %2 y %3 largura %4 altura %5 cor %6","false","Jogo 2D > 🎮 Sprites","Sprites > Criar e trocar aparência","MANTER / REORGANIZAR","P1","Manter a capacidade; reorganizar na família proposta. Ausência nos cursos ou exemplos não prova desuso.","","","Chuva de números | Pegue a moeda | Cenário do meu desenho | Pong | Mini plataforma | Plataforma com inimigos | Mundo Pirata | Escalada do Guerreiro | Duelo de Heróis | Portas do Castelo | Treinador de Criaturas | Aventura com câmera","triagem editorial do catálogo; uso externo não medido","start-only-command","packages/studio/src/official-extensions/game-2d/blockCatalogFundamentals.ts:9"
"sz_g2d_draw_sprite","Desenhar o sprite %1","false","Jogo 2D > 🎮 Sprites","Sprites > Criar e trocar aparência","MANTER / REORGANIZAR","P1","Manter a capacidade; reorganizar na família proposta. Ausência nos cursos ou exemplos não prova desuso.","","Corre Dino | Desafio primeiro jogo","Chuva de números | Quiz de números | Pegue a moeda | Cenário do meu desenho | Pong | Herói que anda | Mini plataforma | Plataforma com inimigos | Jogo desenhado por código | Sala com paredes | Nave contra Asteroides | Asteroides clássico | Dino Run | Dino Corredor | Batalha de Monstrinhos | Chuva de Meteoros | Mundo Pirata | Safári de Monstros | Muralha do Reino | Escalada do Guerreiro | Duelo de Heróis | Portas do Castelo | Reino Zero | Vale Ensolarado | Vila Ninja | Treinador de Criaturas | Sobrevivente | Fazenda Feliz | Herói que Evolui | Guerra de Gorilas | Guerra de Gorilas vs Robô | Equilibrista | Balão | Aventura com câmera","triagem editorial do catálogo; uso externo não medido","command","packages/studio/src/official-extensions/game-2d/blockCatalogFundamentals.ts:28"
"sz_g2d_set_position","Mudar a posição do sprite %1 para x %2 y %3","false","Jogo 2D > 🎮 Sprites","Movimento > Posição e tamanho","MANTER / REORGANIZAR","P1","Colocar leitura e alteração da posição juntas; preservar coordenadas e origem.","","","Pong | Jogo desenhado por código | Safári de Monstros | Portas do Castelo | Reino Zero | Vale Ensolarado","catálogo e inspeção direcionada; uso externo não medido","command","packages/studio/src/official-extensions/game-2d/blockCatalogFundamentals.ts:38"
"sz_g2d_set_velocity","Mudar a velocidade do sprite %1 para vx %2 vy %3","false","Jogo 2D > 🕹️ Movimento","Movimento > Velocidade e gravidade","AJUSTAR","P0","Definir valor, alterar velocidade e mover posição são efeitos distintos. Expor unidades, ordem e frequência sem inserir gravidade implícita.","","","Chuva de números | Pong | Escalada do Guerreiro | Portas do Castelo | Reino Zero","catálogo e inspeção direcionada; uso externo não medido","command","packages/studio/src/official-extensions/game-2d/blockCatalogFundamentals.ts:53"
"sz_g2d_collides","Guardar em %1 se sprite %2 colide com sprite %3","false","Jogo 2D > 💥 Colisões","Colisões > Encostar e bloquear","RETIRAR DA OFERTA NOVA","P1","Redundância pedagógica: atribuição de variável mais pergunta touches; manter declaração, escopo e avaliação única nos projetos antigos.","sz_g2d_touches + variável","","Pegue a moeda","catálogo e inspeção direcionada; uso externo não medido","command","packages/studio/src/official-extensions/game-2d/blockCatalogFundamentals.ts:68"
"sz_g2d_score","Criar pontuação %1 começando em %2","false","Jogo 2D > 🏆 Placar e HUD","Vida e placar > Indicadores e texto na tela","RETIRAR DA OFERTA NOVA","P1","Cria variável; a linguagem já oferece variáveis e incremento. Preservar IR e API anteriores.","sz_js_var_create + sz_js_var_increment","","Plataforma com inimigos | Jogo desenhado por código","catálogo e inspeção direcionada; uso externo não medido","start-only-command","packages/studio/src/official-extensions/game-2d/blockCatalogFundamentals.ts:82"
"sz_g2d_game_over","Mostrar fim de jogo com o texto %1","false","Jogo 2D > 📺 Telas e cenas","Jogo e telas > Telas e partida","AJUSTAR","P0","Somente desenha mensagem e anuncia; não encerra a simulação. Nome proposto: Escrever mensagem de fim de jogo. Oferecer receita de vitória/derrota.","","","","catálogo e inspeção direcionada; uso externo não medido","command","packages/studio/src/official-extensions/game-2d/blockCatalogFundamentals.ts:96"
"sz_g2d_on_start","Quando o jogo começar","true","","Compatibilidade > Blocos históricos","MANTER COMPATIBILIDADE","P1","Compatibilidade já existente; conservar registro, codec e comportamento para projetos históricos.","","","","triagem editorial do catálogo; uso externo não medido","legacy-start","packages/studio/src/official-extensions/game-2d/blockCatalogFundamentals.ts:107"
"sz_g2d_update_each_frame","A cada quadro do jogo","false","Jogo 2D > ⏱️ Tempo e repetição","Tempo > Quadros e intervalos","MANTER / REORGANIZAR","P1","Manter a capacidade; reorganizar na família proposta. Ausência nos cursos ou exemplos não prova desuso.","","Corre Dino | Desafio primeiro jogo","Chuva de números | Quiz de números | Pegue a moeda | Cenário do meu desenho | Pong | Herói que anda | Mini plataforma | Plataforma com inimigos | Jogo desenhado por código | Sala com paredes | Nave contra Asteroides | Asteroides clássico | Dino Run | Dino Corredor | Batalha de Monstrinhos | Aventura do Herói | Chuva de Meteoros | Mundo Pirata | Safári de Monstros | Muralha do Reino | Escalada do Guerreiro | Duelo de Heróis | Portas do Castelo | Reino Zero | Vale Ensolarado | Vila Ninja | Treinador de Criaturas | Sobrevivente | Fazenda Feliz | Herói que Evolui | Guerra de Gorilas | Guerra de Gorilas vs Robô | Equilibrista | Balão | Aventura com câmera","triagem editorial do catálogo; uso externo não medido","loop-update","packages/studio/src/official-extensions/game-2d/blockCatalogFundamentals.ts:121"
"sz_g2d_clear","Limpar a tela","false","Jogo 2D > ✨ Aparência","Desenho e efeitos > Efeitos","MANTER / REORGANIZAR","P1","Manter a capacidade; reorganizar na família proposta. Ausência nos cursos ou exemplos não prova desuso.","","Corre Dino | Desafio primeiro jogo","Chuva de números | Quiz de números | Pegue a moeda | Cenário do meu desenho | Pong | Herói que anda | Mini plataforma | Plataforma com inimigos | Jogo desenhado por código | Sala com paredes | Nave contra Asteroides | Asteroides clássico | Dino Run | Dino Corredor | Batalha de Monstrinhos | Aventura do Herói | Chuva de Meteoros | Mundo Pirata | Safári de Monstros | Muralha do Reino | Escalada do Guerreiro | Duelo de Heróis | Portas do Castelo | Reino Zero | Vale Ensolarado | Vila Ninja | Treinador de Criaturas | Sobrevivente | Fazenda Feliz | Herói que Evolui | Guerra de Gorilas | Guerra de Gorilas vs Robô | Equilibrista | Balão | Aventura com câmera","triagem editorial do catálogo; uso externo não medido","command","packages/studio/src/official-extensions/game-2d/blockCatalogFundamentals.ts:133"
"sz_g2d_set_gravity","Botar a gravidade do mundo em %1","false","Jogo 2D > 🕹️ Movimento","Movimento > Velocidade e gravidade","AJUSTAR","P0","Definir valor, alterar velocidade e mover posição são efeitos distintos. Expor unidades, ordem e frequência sem inserir gravidade implícita.","","","Plataforma com inimigos | Mundo Pirata | Escalada do Guerreiro | Duelo de Heróis | Portas do Castelo | Reino Zero | Vale Ensolarado","catálogo e inspeção direcionada; uso externo não medido","command","packages/studio/src/official-extensions/game-2d/blockCatalogFundamentals.ts:146"
"sz_g2d_apply_velocity","Mover o sprite %1 usando vx e vy","false","Jogo 2D > 🕹️ Movimento","Movimento > Velocidade e gravidade","AJUSTAR","P0","Definir valor, alterar velocidade e mover posição são efeitos distintos. Expor unidades, ordem e frequência sem inserir gravidade implícita.","","","Pong | Escalada do Guerreiro | Duelo de Heróis | Portas do Castelo | Reino Zero | Vale Ensolarado","catálogo e inspeção direcionada; uso externo não medido","command","packages/studio/src/official-extensions/game-2d/blockCatalogFundamentals.ts:158"
"sz_g2d_apply_gravity","Aplicar a gravidade do mundo ao sprite %1","false","Jogo 2D > 🕹️ Movimento","Movimento > Velocidade e gravidade","AJUSTAR","P0","Definir valor, alterar velocidade e mover posição são efeitos distintos. Expor unidades, ordem e frequência sem inserir gravidade implícita.","","Corre Dino","Mini plataforma | Plataforma com inimigos | Dino Run | Dino Corredor | Mundo Pirata | Escalada do Guerreiro | Duelo de Heróis | Portas do Castelo | Reino Zero | Vale Ensolarado","catálogo e inspeção direcionada; uso externo não medido","command","packages/studio/src/official-extensions/game-2d/blockCatalogFundamentals.ts:171"
"sz_g2d_bounce_edges","Quicar o sprite %1 nas bordas da tela","false","Jogo 2D > 🕹️ Movimento","Movimento > Bordas e rebatidas","MANTER / REORGANIZAR","P1","Manter variantes: quatro bordas, par de bordas e raquete têm física e objetivos diferentes.","","","","catálogo e inspeção direcionada; uso externo não medido","command","packages/studio/src/official-extensions/game-2d/blockCatalogFundamentals.ts:182"
"sz_g2d_circle_collides","Guardar em %1 se sprite %2 encosta no sprite %3 (em círculo)","false","Jogo 2D > 💥 Colisões","Colisões > Encostar e bloquear","RETIRAR APÓS SUBSTITUTO","P1","A geometria circular é útil; retirar somente a forma que obriga guardar numa variável, após oferecer pergunta circular e codec equivalente.","nova pergunta de colisão circular + variável","","","catálogo e inspeção direcionada; uso externo não medido","command","packages/studio/src/official-extensions/game-2d/blockCatalogFundamentals.ts:192"
"sz_g2d_set_hitbox_scale","Usar área de colisão de %1 % do tamanho para o sprite %2","false","Jogo 2D > 💥 Colisões","Colisões > Área de contato","AJUSTAR","P1","Mostrar visualização junto da configuração; escala afeta detecção, não toda resolução física.","","Corre Dino","Dino Corredor | Aventura do Herói | Chuva de Meteoros | Mundo Pirata | Safári de Monstros | Escalada do Guerreiro | Portas do Castelo | Reino Zero | Vale Ensolarado | Vila Ninja | Treinador de Criaturas | Sobrevivente | Herói que Evolui","catálogo e inspeção direcionada; uso externo não medido","command","packages/studio/src/official-extensions/game-2d/blockCatalogFundamentals.ts:206"
"sz_g2d_play_sound","Tocar som de %1 Hz por %2 ms","false","Jogo 2D > 🔊 Som","Som > Efeitos, melodias e arquivos","MANTER / REORGANIZAR","P1","Manter a capacidade; reorganizar na família proposta. Ausência nos cursos ou exemplos não prova desuso.","","","","triagem editorial do catálogo; uso externo não medido","command","packages/studio/src/official-extensions/game-2d/blockCatalogFundamentals.ts:223"
"sz_g2d_play_fx","Tocar efeito %1","false","Jogo 2D > 🔊 Som","Som > Efeitos, melodias e arquivos","MANTER / REORGANIZAR","P1","Manter a capacidade; reorganizar na família proposta. Ausência nos cursos ou exemplos não prova desuso.","","Corre Dino","Pegue a moeda | Pong | Plataforma com inimigos | Jogo desenhado por código | Dino Corredor | Batalha de Monstrinhos | Aventura do Herói | Chuva de Meteoros | Mundo Pirata | Safári de Monstros | Muralha do Reino | Escalada do Guerreiro | Duelo de Heróis | Portas do Castelo | Reino Zero | Vale Ensolarado | Vila Ninja | Treinador de Criaturas | Sobrevivente | Fazenda Feliz | Herói que Evolui | Aventura com câmera","triagem editorial do catálogo; uso externo não medido","command","packages/studio/src/official-extensions/game-2d/blockCatalogFundamentals.ts:238"
"sz_g2d_play_note","Tocar a nota %1 por %2 ms","false","Jogo 2D > 🔊 Som","Som > Efeitos, melodias e arquivos","MANTER / REORGANIZAR","P1","Manter a capacidade; reorganizar na família proposta. Ausência nos cursos ou exemplos não prova desuso.","","","","triagem editorial do catálogo; uso externo não medido","command","packages/studio/src/official-extensions/game-2d/blockCatalogFundamentals.ts:282"
"sz_g2d_play_music","Tocar música de fundo %1","false","Jogo 2D > 🔊 Som","Som > Efeitos, melodias e arquivos","AJUSTAR","P0","Nomear música pronta, arquivo e efeito; volume atual só afeta arquivos. Não prometer volume geral sem novo contrato.","","","Chuva de Meteoros | Mundo Pirata | Muralha do Reino | Escalada do Guerreiro | Duelo de Heróis | Portas do Castelo | Reino Zero | Vale Ensolarado | Aventura com câmera","catálogo e inspeção direcionada; uso externo não medido","resource-creator","packages/studio/src/official-extensions/game-2d/blockCatalogFundamentals.ts:309"
"sz_g2d_stop_music","Parar a música de fundo","false","Jogo 2D > 🔊 Som","Som > Efeitos, melodias e arquivos","RETIRAR DA OFERTA NOVA","P1","Para somente a melodia sintetizada; stop_track para ambas. Não converter automaticamente código antigo: o alcance é diferente.","sz_g2d_stop_track para autoria nova","","","catálogo e inspeção direcionada; uso externo não medido","command","packages/studio/src/official-extensions/game-2d/blockCatalogFundamentals.ts:332"
"sz_g2d_load_sound","Carregar o som %1 do arquivo %2","false","Jogo 2D > 🔊 Som","Som > Efeitos, melodias e arquivos","AJUSTAR","P0","Nomear música pronta, arquivo e efeito; volume atual só afeta arquivos. Não prometer volume geral sem novo contrato.","","","","catálogo e inspeção direcionada; uso externo não medido","start-only-command","packages/studio/src/official-extensions/game-2d/blockCatalogFundamentals.ts:346"
"sz_g2d_play_clip","Tocar o som %1","false","Jogo 2D > 🔊 Som","Som > Efeitos, melodias e arquivos","AJUSTAR","P0","Nomear música pronta, arquivo e efeito; volume atual só afeta arquivos. Não prometer volume geral sem novo contrato.","","","","catálogo e inspeção direcionada; uso externo não medido","command","packages/studio/src/official-extensions/game-2d/blockCatalogFundamentals.ts:362"
"sz_g2d_stop_clip","Parar o som %1","false","Jogo 2D > 🔊 Som","Som > Efeitos, melodias e arquivos","MANTER / REORGANIZAR","P1","Manter a capacidade; reorganizar na família proposta. Ausência nos cursos ou exemplos não prova desuso.","","","","triagem editorial do catálogo; uso externo não medido","command","packages/studio/src/official-extensions/game-2d/blockCatalogFundamentals.ts:372"
"sz_g2d_play_track","Tocar a música %1 sem parar","false","Jogo 2D > 🔊 Som","Som > Efeitos, melodias e arquivos","AJUSTAR","P0","Nomear música pronta, arquivo e efeito; volume atual só afeta arquivos. Não prometer volume geral sem novo contrato.","","","","catálogo e inspeção direcionada; uso externo não medido","resource-creator","packages/studio/src/official-extensions/game-2d/blockCatalogFundamentals.ts:382"
"sz_g2d_stop_track","Parar a música","false","Jogo 2D > 🔊 Som","Som > Efeitos, melodias e arquivos","AJUSTAR","P0","Nomear música pronta, arquivo e efeito; volume atual só afeta arquivos. Não prometer volume geral sem novo contrato.","","","","catálogo e inspeção direcionada; uso externo não medido","command","packages/studio/src/official-extensions/game-2d/blockCatalogFundamentals.ts:394"
"sz_g2d_set_volume","Pôr o volume em %1","false","Jogo 2D > 🔊 Som","Som > Efeitos, melodias e arquivos","AJUSTAR","P0","Nomear música pronta, arquivo e efeito; volume atual só afeta arquivos. Não prometer volume geral sem novo contrato.","","","","catálogo e inspeção direcionada; uso externo não medido","command","packages/studio/src/official-extensions/game-2d/blockCatalogFundamentals.ts:404"
"sz_g2d_aim_at","Apontar o sprite %1 para o sprite %2","false","Jogo 2D > 🎯 Mira e contas","Movimento > Direção e distância","MANTER / REORGANIZAR","P1","Agrupar o alvo e as medidas do movimento; manter operações distintas.","","","Sobrevivente","catálogo e inspeção direcionada; uso externo não medido","command","packages/studio/src/official-extensions/game-2d/blockCatalogFundamentals.ts:417"
"sz_g2d_move_toward","Mover o sprite %1 na direção do sprite %2 com velocidade %3","false","Jogo 2D > 🎯 Mira e contas","Movimento > Direção e distância","MANTER / REORGANIZAR","P1","Agrupar o alvo e as medidas do movimento; manter operações distintas.","","","","catálogo e inspeção direcionada; uso externo não medido","command","packages/studio/src/official-extensions/game-2d/blockCatalogFundamentals.ts:430"
"sz_g2d_distance","a distância entre o sprite %1 e o sprite %2","false","Jogo 2D > 🎯 Mira e contas","Movimento > Direção e distância","MANTER / REORGANIZAR","P1","Agrupar o alvo e as medidas do movimento; manter operações distintas.","","","Sobrevivente","catálogo e inspeção direcionada; uso externo não medido","expression","packages/studio/src/official-extensions/game-2d/blockCatalogFundamentals.ts:445"
"sz_g2d_angle_to","o ângulo (em graus) do sprite %1 até o sprite %2","false","Jogo 2D > 🎯 Mira e contas","Movimento > Direção e distância","MANTER / REORGANIZAR","P1","Agrupar o alvo e as medidas do movimento; manter operações distintas.","","","","catálogo e inspeção direcionada; uso externo não medido","expression","packages/studio/src/official-extensions/game-2d/blockCatalogFundamentals.ts:456"
"sz_g2d_random_between","um número de %1 a %2","false","Jogo 2D > 🎯 Mira e contas","Sorteios > Números e posições","MANTER / REORGANIZAR","P1","Manter a capacidade; reorganizar na família proposta. Ausência nos cursos ou exemplos não prova desuso.","","Corre Dino","Chuva de números | Pegue a moeda | Pong | Dino Corredor | Batalha de Monstrinhos | Chuva de Meteoros | Sobrevivente | Herói que Evolui","triagem editorial do catálogo; uso externo não medido","expression","packages/studio/src/official-extensions/game-2d/blockCatalogFundamentals.ts:467"
"sz_g2d_random_chance","tem chance de %1%%?","false","Jogo 2D > 🎯 Mira e contas","Sorteios > Números e posições","MANTER / REORGANIZAR","P1","Manter a capacidade; reorganizar na família proposta. Ausência nos cursos ou exemplos não prova desuso.","","","Batalha de Monstrinhos | Safári de Monstros | Treinador de Criaturas | Sobrevivente | Herói que Evolui","triagem editorial do catálogo; uso externo não medido","expression","packages/studio/src/official-extensions/game-2d/blockCatalogFundamentals.ts:480"
"sz_g2d_random_x","um x aleatório na tela","false","Jogo 2D > 🎯 Mira e contas","Sorteios > Números e posições","MANTER / REORGANIZAR","P1","Manter a capacidade; reorganizar na família proposta. Ausência nos cursos ou exemplos não prova desuso.","","Desafio primeiro jogo","Jogo desenhado por código | Nave contra Asteroides | Chuva de Meteoros","triagem editorial do catálogo; uso externo não medido","expression","packages/studio/src/official-extensions/game-2d/blockCatalogFundamentals.ts:503"
"sz_g2d_random_y","um y aleatório na tela","false","Jogo 2D > 🎯 Mira e contas","Sorteios > Números e posições","MANTER / REORGANIZAR","P1","Manter a capacidade; reorganizar na família proposta. Ausência nos cursos ou exemplos não prova desuso.","","","Jogo desenhado por código","triagem editorial do catálogo; uso externo não medido","expression","packages/studio/src/official-extensions/game-2d/blockCatalogFundamentals.ts:511"
"sz_g2d_set_health","Dar ao sprite %1 %2 de vida","false","Jogo 2D > ❤️ Vida","Vida e placar > Vida","MANTER / REORGANIZAR","P1","Manter a capacidade; reorganizar na família proposta. Ausência nos cursos ou exemplos não prova desuso.","","Desafio primeiro jogo","Plataforma com inimigos | Nave contra Asteroides | Dino Run | Batalha de Monstrinhos | Aventura do Herói | Duelo de Heróis | Reino Zero | Vale Ensolarado | Vila Ninja | Treinador de Criaturas | Sobrevivente | Herói que Evolui","triagem editorial do catálogo; uso externo não medido","start-only-command","packages/studio/src/official-extensions/game-2d/blockCatalogFundamentals.ts:521"
"sz_g2d_change_health","Mudar a vida do sprite %1 em %2","false","Jogo 2D > ❤️ Vida","Vida e placar > Vida","MANTER / REORGANIZAR","P1","Manter a capacidade; reorganizar na família proposta. Ausência nos cursos ou exemplos não prova desuso.","","","Plataforma com inimigos | Nave contra Asteroides | Batalha de Monstrinhos | Aventura do Herói | Duelo de Heróis | Reino Zero | Vale Ensolarado | Vila Ninja | Treinador de Criaturas | Sobrevivente | Herói que Evolui","triagem editorial do catálogo; uso externo não medido","command","packages/studio/src/official-extensions/game-2d/blockCatalogFundamentals.ts:536"
"sz_g2d_damage_sprite","Machucar o sprite %1 em %2 e deixá-lo invencível por %3 quadros","false","Jogo 2D > ❤️ Vida","Vida e placar > Vida","MANTER / REORGANIZAR","P1","Manter a capacidade; reorganizar na família proposta. Ausência nos cursos ou exemplos não prova desuso.","","Desafio primeiro jogo","Nave contra Asteroides | Dino Run | Reino Zero","triagem editorial do catálogo; uso externo não medido","command","packages/studio/src/official-extensions/game-2d/blockCatalogFundamentals.ts:551"
"sz_g2d_get_health","a vida do sprite %1","false","Jogo 2D > ❤️ Vida","Vida e placar > Vida","MANTER / REORGANIZAR","P1","Manter a capacidade; reorganizar na família proposta. Ausência nos cursos ou exemplos não prova desuso.","","","Batalha de Monstrinhos | Duelo de Heróis | Reino Zero | Treinador de Criaturas","triagem editorial do catálogo; uso externo não medido","expression","packages/studio/src/official-extensions/game-2d/blockCatalogFundamentals.ts:567"
"sz_g2d_get_max_health","a vida máxima do sprite %1","false","Jogo 2D > ❤️ Vida","Vida e placar > Vida","MANTER / REORGANIZAR","P1","Manter a capacidade; reorganizar na família proposta. Ausência nos cursos ou exemplos não prova desuso.","","","Batalha de Monstrinhos | Treinador de Criaturas","triagem editorial do catálogo; uso externo não medido","expression","packages/studio/src/official-extensions/game-2d/blockCatalogFundamentals.ts:575"
"sz_g2d_has_health","o sprite %1 ainda tem vida?","false","Jogo 2D > ❤️ Vida","Vida e placar > Vida","MANTER / REORGANIZAR","P1","Manter a capacidade; reorganizar na família proposta. Ausência nos cursos ou exemplos não prova desuso.","","","","triagem editorial do catálogo; uso externo não medido","expression","packages/studio/src/official-extensions/game-2d/blockCatalogFundamentals.ts:583"
"sz_g2d_health_depleted","as vidas do sprite %1 acabaram?","false","Jogo 2D > ❤️ Vida","Vida e placar > Vida","MANTER / REORGANIZAR","P1","Manter a capacidade; reorganizar na família proposta. Ausência nos cursos ou exemplos não prova desuso.","","Desafio primeiro jogo","Plataforma com inimigos | Nave contra Asteroides | Dino Run | Batalha de Monstrinhos | Aventura do Herói | Reino Zero | Vale Ensolarado | Vila Ninja | Treinador de Criaturas | Sobrevivente | Herói que Evolui","triagem editorial do catálogo; uso externo não medido","expression","packages/studio/src/official-extensions/game-2d/blockCatalogFundamentals.ts:591"
"sz_g2d_is_invincible","o sprite %1 está invencível?","false","Jogo 2D > ❤️ Vida","Vida e placar > Vida","MANTER / REORGANIZAR","P1","Manter a capacidade; reorganizar na família proposta. Ausência nos cursos ou exemplos não prova desuso.","","","Aventura do Herói | Vale Ensolarado | Vila Ninja | Sobrevivente | Herói que Evolui","triagem editorial do catálogo; uso externo não medido","expression","packages/studio/src/official-extensions/game-2d/blockCatalogFundamentals.ts:600"
"sz_g2d_draw_sprite_health","Desenhar as vidas do sprite %1 como %2 em x %3 y %4 tamanho %5 cor %6","false","Jogo 2D > ❤️ Vida","Vida e placar > Vida","MANTER / REORGANIZAR","P1","Manter a capacidade; reorganizar na família proposta. Ausência nos cursos ou exemplos não prova desuso.","","Desafio primeiro jogo","Plataforma com inimigos | Nave contra Asteroides | Dino Run | Aventura do Herói | Vale Ensolarado | Vila Ninja | Sobrevivente | Herói que Evolui","triagem editorial do catálogo; uso externo não medido","command","packages/studio/src/official-extensions/game-2d/blockCatalogFundamentals.ts:609"
"sz_g2d_cooldown_ready","o sprite %1 pode agir? (recarga de %2 quadros)","false","Jogo 2D > ⏱️ Tempo e repetição","Tempo > Quadros e intervalos","AJUSTAR","P0","A consulta já consome a recarga; não é pergunta pura. Preservar bloco antigo e propor comando com corpo que executa no máximo uma vez por intervalo, com chave por ação.","","","Duelo de Heróis | Sobrevivente","catálogo e inspeção direcionada; uso externo não medido","expression","packages/studio/src/official-extensions/game-2d/blockCatalogFundamentals.ts:635"
"sz_g2d_prune_old","Tirar do grupo %1 quem viveu mais de %2 segundos","false","Jogo 2D > ⏱️ Tempo e repetição","Grupos > Participação e limpeza","AJUSTAR","P1","Remover vínculo com grupo não equivale a destruir um sprite; distinguir prazo, saída da tela e limpeza imediata.","","","Aventura do Herói | Vila Ninja | Herói que Evolui","catálogo e inspeção direcionada; uso externo não medido","command","packages/studio/src/official-extensions/game-2d/blockCatalogFundamentals.ts:647"
"sz_g2d_sprite_x","a posição x do sprite %1","false","Jogo 2D > 📐 Posição & tamanho","Movimento > Posição e tamanho","MANTER / REORGANIZAR","P1","Manter a capacidade; reorganizar na família proposta. Ausência nos cursos ou exemplos não prova desuso.","","","Mundo Pirata | Safári de Monstros | Duelo de Heróis | Reino Zero","triagem editorial do catálogo; uso externo não medido","expression","packages/studio/src/official-extensions/game-2d/blockCatalogFundamentals.ts:663"
"sz_g2d_sprite_y","a posição y do sprite %1","false","Jogo 2D > 📐 Posição & tamanho","Movimento > Posição e tamanho","MANTER / REORGANIZAR","P1","Manter a capacidade; reorganizar na família proposta. Ausência nos cursos ou exemplos não prova desuso.","","Desafio primeiro jogo","Chuva de Meteoros | Mundo Pirata | Safári de Monstros | Escalada do Guerreiro | Duelo de Heróis | Reino Zero","triagem editorial do catálogo; uso externo não medido","expression","packages/studio/src/official-extensions/game-2d/blockCatalogFundamentals.ts:672"
"sz_g2d_sprite_w","a largura do sprite %1","false","Jogo 2D > 📐 Posição & tamanho","Movimento > Posição e tamanho","MANTER / REORGANIZAR","P1","Manter a capacidade; reorganizar na família proposta. Ausência nos cursos ou exemplos não prova desuso.","","","","triagem editorial do catálogo; uso externo não medido","expression","packages/studio/src/official-extensions/game-2d/blockCatalogFundamentals.ts:680"
"sz_g2d_sprite_h","a altura do sprite %1","false","Jogo 2D > 📐 Posição & tamanho","Movimento > Posição e tamanho","MANTER / REORGANIZAR","P1","Manter a capacidade; reorganizar na família proposta. Ausência nos cursos ou exemplos não prova desuso.","","","","triagem editorial do catálogo; uso externo não medido","expression","packages/studio/src/official-extensions/game-2d/blockCatalogFundamentals.ts:688"
"sz_g2d_center_x","o centro x do sprite %1","false","Jogo 2D > 📐 Posição & tamanho","Movimento > Posição e tamanho","MANTER / REORGANIZAR","P1","Manter a capacidade; reorganizar na família proposta. Ausência nos cursos ou exemplos não prova desuso.","","Desafio primeiro jogo","Plataforma com inimigos | Aventura do Herói | Chuva de Meteoros | Muralha do Reino | Duelo de Heróis | Reino Zero | Vale Ensolarado | Vila Ninja | Sobrevivente | Fazenda Feliz | Herói que Evolui","triagem editorial do catálogo; uso externo não medido","expression","packages/studio/src/official-extensions/game-2d/blockCatalogFundamentals.ts:696"
"sz_g2d_center_y","o centro y do sprite %1","false","Jogo 2D > 📐 Posição & tamanho","Movimento > Posição e tamanho","MANTER / REORGANIZAR","P1","Manter a capacidade; reorganizar na família proposta. Ausência nos cursos ou exemplos não prova desuso.","","","Plataforma com inimigos | Aventura do Herói | Reino Zero | Vale Ensolarado | Vila Ninja | Sobrevivente | Fazenda Feliz | Herói que Evolui","triagem editorial do catálogo; uso externo não medido","expression","packages/studio/src/official-extensions/game-2d/blockCatalogFundamentals.ts:705"
"sz_g2d_sprite_vx","a velocidade x do sprite %1","false","Jogo 2D > 💨 Velocidade","Movimento > Velocidade","MANTER / REORGANIZAR","P1","Manter a capacidade; reorganizar na família proposta. Ausência nos cursos ou exemplos não prova desuso.","","","Reino Zero","triagem editorial do catálogo; uso externo não medido","expression","packages/studio/src/official-extensions/game-2d/blockCatalogFundamentals.ts:716"
"sz_g2d_sprite_vy","a velocidade y do sprite %1","false","Jogo 2D > 💨 Velocidade","Movimento > Velocidade","MANTER / REORGANIZAR","P1","Manter a capacidade; reorganizar na família proposta. Ausência nos cursos ou exemplos não prova desuso.","","","Dino Corredor | Mundo Pirata | Escalada do Guerreiro | Duelo de Heróis | Portas do Castelo | Reino Zero | Vale Ensolarado","triagem editorial do catálogo; uso externo não medido","expression","packages/studio/src/official-extensions/game-2d/blockCatalogFundamentals.ts:725"
"sz_g2d_sprite_speed","a velocidade total do sprite %1","false","Jogo 2D > 💨 Velocidade","Movimento > Velocidade","MANTER / REORGANIZAR","P1","Manter a capacidade; reorganizar na família proposta. Ausência nos cursos ou exemplos não prova desuso.","","","","triagem editorial do catálogo; uso externo não medido","expression","packages/studio/src/official-extensions/game-2d/blockCatalogFundamentals.ts:734"
"sz_g2d_is_moving","o sprite %1 está se movendo?","false","Jogo 2D > 💨 Velocidade","Movimento > Velocidade","MANTER / REORGANIZAR","P1","Manter a capacidade; reorganizar na família proposta. Ausência nos cursos ou exemplos não prova desuso.","","","","triagem editorial do catálogo; uso externo não medido","expression","packages/studio/src/official-extensions/game-2d/blockCatalogFundamentals.ts:742"
"sz_g2d_is_moving_h","o sprite %1 está se movendo na horizontal?","false","Jogo 2D > 💨 Velocidade","Movimento > Velocidade","MANTER / REORGANIZAR","P1","Manter a capacidade; reorganizar na família proposta. Ausência nos cursos ou exemplos não prova desuso.","","","Reino Zero","triagem editorial do catálogo; uso externo não medido","expression","packages/studio/src/official-extensions/game-2d/blockCatalogFundamentals.ts:750"
"sz_g2d_is_moving_v","o sprite %1 está se movendo na vertical?","false","Jogo 2D > 💨 Velocidade","Movimento > Velocidade","MANTER / REORGANIZAR","P1","Manter a capacidade; reorganizar na família proposta. Ausência nos cursos ou exemplos não prova desuso.","","","","triagem editorial do catálogo; uso externo não medido","expression","packages/studio/src/official-extensions/game-2d/blockCatalogFundamentals.ts:758"
"sz_g2d_flip_sprite","Virar o sprite %1 para %2","false","Jogo 2D > ✨ Aparência","Sprites > Aparência","MANTER / REORGANIZAR","P1","Espelhar aparência e direção visual não é girar o ângulo.","","","Aventura do Herói | Vila Ninja | Herói que Evolui","catálogo e inspeção direcionada; uso externo não medido","command","packages/studio/src/official-extensions/game-2d/blockCatalogFundamentals.ts:768"
"sz_g2d_set_opacity","Mudar a transparência do sprite %1 para %2 %","false","Jogo 2D > ✨ Aparência","Sprites > Aparência","AJUSTAR","P0","Valor 100 significa opaco, embora o rótulo diga transparência. Nome proposto: Deixar o sprite ... % visível; preservar os valores históricos.","","","","catálogo e inspeção direcionada; uso externo não medido","command","packages/studio/src/official-extensions/game-2d/blockCatalogFundamentals.ts:791"
"sz_g2d_set_size","Mudar o tamanho do sprite %1 para largura %2 altura %3","false","Jogo 2D > ✨ Aparência","Movimento > Posição e tamanho","AJUSTAR","P1","Tamanho absoluto e multiplicação acumulativa são diferentes; explicitar que multiplicar repetidamente faz crescer a cada quadro.","","","Reino Zero","catálogo e inspeção direcionada; uso externo não medido","command","packages/studio/src/official-extensions/game-2d/blockCatalogFundamentals.ts:805"
"sz_g2d_scale_sprite","Multiplicar o tamanho do sprite %1 por %2","false","Jogo 2D > ✨ Aparência","Movimento > Posição e tamanho","AJUSTAR","P1","Tamanho absoluto e multiplicação acumulativa são diferentes; explicitar que multiplicar repetidamente faz crescer a cada quadro.","","","","catálogo e inspeção direcionada; uso externo não medido","command","packages/studio/src/official-extensions/game-2d/blockCatalogFundamentals.ts:820"
"sz_g2d_wrap_edges","Dar a volta na tela com o sprite %1","false","Jogo 2D > 🕹️ Movimento","Movimento > Bordas e rebatidas","MANTER / REORGANIZAR","P1","Conter e atravessar para o outro lado produzem resultados diferentes.","","","","catálogo e inspeção direcionada; uso externo não medido","command","packages/studio/src/official-extensions/game-2d/blockCatalogFundamentals.ts:836"
"sz_g2d_pause","Pausar o jogo","false","Jogo 2D > 📺 Telas e cenas","Jogo e telas > Telas e partida","MANTER / REORGANIZAR","P1","Manter a capacidade; reorganizar na família proposta. Ausência nos cursos ou exemplos não prova desuso.","","","Reino Zero","triagem editorial do catálogo; uso externo não medido","command","packages/studio/src/official-extensions/game-2d/blockCatalogFundamentals.ts:848"
"sz_g2d_resume","Continuar o jogo","false","Jogo 2D > 📺 Telas e cenas","Jogo e telas > Telas e partida","MANTER / REORGANIZAR","P1","Manter a capacidade; reorganizar na família proposta. Ausência nos cursos ou exemplos não prova desuso.","","","Reino Zero","triagem editorial do catálogo; uso externo não medido","command","packages/studio/src/official-extensions/game-2d/blockCatalogFundamentals.ts:858"
"sz_g2d_is_paused","o jogo está pausado?","false","Jogo 2D > 📺 Telas e cenas","Jogo e telas > Telas e partida","MANTER / REORGANIZAR","P1","Manter a capacidade; reorganizar na família proposta. Ausência nos cursos ou exemplos não prova desuso.","","","Reino Zero","triagem editorial do catálogo; uso externo não medido","expression","packages/studio/src/official-extensions/game-2d/blockCatalogFundamentals.ts:867"
"sz_g2d_camera_follow","Bloco antigo: câmera seguir o sprite %1 (limites %2 x %3)","true","","Compatibilidade > Blocos históricos","MANTER COMPATIBILIDADE","P1","Compatibilidade já existente; conservar registro, codec e comportamento para projetos históricos.","","","","triagem editorial do catálogo; uso externo não medido","command","packages/studio/src/official-extensions/game-2d/blockCatalogFundamentals.ts:876"
"sz_g2d_set_camera","Bloco antigo: mover a câmera para x %1 y %2","true","","Compatibilidade > Blocos históricos","MANTER COMPATIBILIDADE","P1","Compatibilidade já existente; conservar registro, codec e comportamento para projetos históricos.","","","","triagem editorial do catálogo; uso externo não medido","command","packages/studio/src/official-extensions/game-2d/blockCatalogFundamentals.ts:893"
"sz_g2d_camera_x","a posição x da câmera","false","Jogo 2D > 🌍 Mundos","Cenários > Mundos e câmera","MANTER / REORGANIZAR","P1","Manter a capacidade; reorganizar na família proposta. Ausência nos cursos ou exemplos não prova desuso.","","","","triagem editorial do catálogo; uso externo não medido","expression","packages/studio/src/official-extensions/game-2d/blockCatalogFundamentals.ts:909"
"sz_g2d_camera_y","a posição y da câmera","false","Jogo 2D > 🌍 Mundos","Cenários > Mundos e câmera","MANTER / REORGANIZAR","P1","Manter a capacidade; reorganizar na família proposta. Ausência nos cursos ou exemplos não prova desuso.","","","","triagem editorial do catálogo; uso externo não medido","expression","packages/studio/src/official-extensions/game-2d/blockCatalogFundamentals.ts:916"
"sz_g2d_break_tile_at","Quebrar o tile do mapa %1 onde está o sprite %2","false","Jogo 2D > 🗺️ Mapas","Cenários > Mapas","MANTER / REORGANIZAR","P1","Manter a capacidade; reorganizar na família proposta. Ausência nos cursos ou exemplos não prova desuso.","","","Aventura do Herói","triagem editorial do catálogo; uso externo não medido","command","packages/studio/src/official-extensions/game-2d/blockCatalogFundamentals.ts:925"
"sz_g2d_set_tile","No mapa %1, pôr o tile número %2 onde está o sprite %3","false","Jogo 2D > 🗺️ Mapas","Cenários > Mapas","MANTER / REORGANIZAR","P1","Manter a capacidade; reorganizar na família proposta. Ausência nos cursos ou exemplos não prova desuso.","","","","triagem editorial do catálogo; uso externo não medido","command","packages/studio/src/official-extensions/game-2d/blockCatalogFundamentals.ts:938"
"sz_g2d_tile_at","o número do tile do mapa %1 onde está o sprite %2","false","Jogo 2D > 🗺️ Mapas","Cenários > Mapas","MANTER / REORGANIZAR","P1","Manter a capacidade; reorganizar na família proposta. Ausência nos cursos ou exemplos não prova desuso.","","","Aventura do Herói","triagem editorial do catálogo; uso externo não medido","expression","packages/studio/src/official-extensions/game-2d/blockCatalogFundamentals.ts:953"
"sz_g2d_bring_to_front","Trazer o sprite %1 para a frente no grupo %2","false","Jogo 2D > 📦 Muitos","Grupos > Desenho e ordem","MANTER / REORGANIZAR","P1","Ordem de desenho e pertencimento são conceitos distintos; preservar ordenação por base e suas implicações no clique.","","","","catálogo e inspeção direcionada; uso externo não medido","command","packages/studio/src/official-extensions/game-2d/blockCatalogFundamentals.ts:967"
"sz_g2d_send_to_back","Mandar o sprite %1 para trás no grupo %2","false","Jogo 2D > 📦 Muitos","Grupos > Desenho e ordem","MANTER / REORGANIZAR","P1","Ordem de desenho e pertencimento são conceitos distintos; preservar ordenação por base e suas implicações no clique.","","","","catálogo e inspeção direcionada; uso externo não medido","command","packages/studio/src/official-extensions/game-2d/blockCatalogFundamentals.ts:980"
"sz_g2d_draw_hitbox","Mostrar a caixa de colisão do sprite %1","false","Jogo 2D > ✨ Aparência","Colisões > Área de contato","AJUSTAR","P1","Mostrar visualização junto da configuração; escala afeta detecção, não toda resolução física.","","Corre Dino","","catálogo e inspeção direcionada; uso externo não medido","command","packages/studio/src/official-extensions/game-2d/blockCatalogFundamentals.ts:995"
"sz_g2d_show_fps","Mostrar os quadros por segundo (FPS) em x %1 y %2","false","Jogo 2D > ✨ Aparência","Desenho e efeitos > Inspecionar","MANTER / REORGANIZAR","P1","Diagnóstico útil para aprender desempenho, em subseção secundária.","","","","catálogo e inspeção direcionada; uso externo não medido","command","packages/studio/src/official-extensions/game-2d/blockCatalogFundamentals.ts:1005"
"sz_g2d_use_font","Usar a fonte %1","false","Jogo 2D > ✨ Aparência","Jogo e telas > Fonte do jogo","MANTER / REORGANIZAR","P1","Configuração global de fonte, não propriedade isolada de um sprite.","","","","catálogo e inspeção direcionada; uso externo não medido","start-only-command","packages/studio/src/official-extensions/game-2d/blockCatalogFundamentals.ts:1021"
"sz_g2d_stage_border","Mostrar a borda da tela, cor %1 espessura %2","false","Jogo 2D > ✨ Aparência","Jogo e telas > Preparar a área do jogo","AJUSTAR","P0","Separar resolução lógica e ocupação da janela; preservar coordenadas e padrões. Preparação não pertence à aparência de um sprite.","","Corre Dino","","catálogo e inspeção direcionada; uso externo não medido","start-only-command","packages/studio/src/official-extensions/game-2d/blockCatalogFundamentals.ts:1048"
"sz_g2d_set_backdrop","Pôr o cenário %1 atrás de tudo","false","Jogo 2D > ✨ Aparência","Cenários > Fundos","MANTER / REORGANIZAR","P1","Fundos devem ser descobertos pelo propósito; kits mantêm atalhos. Configurar fundo e desenhá-lo são operações distintas.","","","Cenário do meu desenho","catálogo e inspeção direcionada; uso externo não medido","start-only-command","packages/studio/src/official-extensions/game-2d/blockCatalogFundamentals.ts:1068"
"sz_g2d_on_pointer","Quando clicar/tocar, na posição x %1 y %2","false","Jogo 2D > 🎛️ Controles","Controles > Teclado, ações e toque","MANTER / REORGANIZAR","P1","Manter a capacidade; reorganizar na família proposta. Ausência nos cursos ou exemplos não prova desuso.","","","Muralha do Reino","triagem editorial do catálogo; uso externo não medido","event","packages/studio/src/official-extensions/game-2d/blockCatalogInteraction.ts:17"
"sz_g2d_on_key","Quando apertar a tecla %1","false","Jogo 2D > 🎛️ Controles","Controles > Teclado, ações e toque","MANTER / REORGANIZAR","P1","Manter a capacidade; reorganizar na família proposta. Ausência nos cursos ou exemplos não prova desuso.","","Corre Dino | Desafio primeiro jogo","Chuva de números | Quiz de números | Pegue a moeda | Pong | Plataforma com inimigos | Nave contra Asteroides | Asteroides clássico | Dino Run | Dino Corredor | Batalha de Monstrinhos | Aventura do Herói | Chuva de Meteoros | Mundo Pirata | Safári de Monstros | Muralha do Reino | Escalada do Guerreiro | Duelo de Heróis | Portas do Castelo | Vale Ensolarado | Vila Ninja | Treinador de Criaturas | Sobrevivente | Fazenda Feliz | Herói que Evolui | Guerra de Gorilas | Guerra de Gorilas vs Robô | Equilibrista | Balão","triagem editorial do catálogo; uso externo não medido","event","packages/studio/src/official-extensions/game-2d/blockCatalogInteraction.ts:36"
"sz_g2d_on_overlap","Quando o sprite %1 começar a encostar no sprite %2","false","Jogo 2D > 💥 Colisões","Colisões > Encostar e bloquear","AJUSTAR","P0","Distinguir evento ao começar, pergunta sobre agora e varredura a cada quadro; preservar ordem dos callbacks e remoção durante iteração.","","","","catálogo e inspeção direcionada; uso externo não medido","event","packages/studio/src/official-extensions/game-2d/blockCatalogInteraction.ts:70"
"sz_g2d_on_jump","Quando o sprite %1 pular","false","Jogo 2D > 🎛️ Controles","Controles > Teclado, ações e toque","MANTER / REORGANIZAR","P1","Manter a capacidade; reorganizar na família proposta. Ausência nos cursos ou exemplos não prova desuso.","","Corre Dino","Mundo Pirata","triagem editorial do catálogo; uso externo não medido","event","packages/studio/src/official-extensions/game-2d/blockCatalogInteraction.ts:89"
"sz_g2d_on_any_input","Quando apertar qualquer tecla ou tocar na tela","false","Jogo 2D > 🎛️ Controles","Controles > Teclado, ações e toque","MANTER / REORGANIZAR","P1","Manter a capacidade; reorganizar na família proposta. Ausência nos cursos ou exemplos não prova desuso.","","Corre Dino","","triagem editorial do catálogo; uso externo não medido","event","packages/studio/src/official-extensions/game-2d/blockCatalogInteraction.ts:106"
"sz_g2d_key_down","a tecla %1 está apertada?","false","Jogo 2D > 🎛️ Controles","Controles > Teclado, ações e toque","MANTER / REORGANIZAR","P1","Manter a capacidade; reorganizar na família proposta. Ausência nos cursos ou exemplos não prova desuso.","","","Aventura do Herói | Duelo de Heróis | Vila Ninja | Herói que Evolui","triagem editorial do catálogo; uso externo não medido","expression","packages/studio/src/official-extensions/game-2d/blockCatalogInteraction.ts:122"
"sz_g2d_pointer_down","o mouse ou dedo está segurado ?","false","Jogo 2D > 🎛️ Controles","Controles > Teclado, ações e toque","MANTER / REORGANIZAR","P1","Manter a capacidade; reorganizar na família proposta. Ausência nos cursos ou exemplos não prova desuso.","","","Chuva de números | Equilibrista | Balão","triagem editorial do catálogo; uso externo não medido","expression","packages/studio/src/official-extensions/game-2d/blockCatalogInteraction.ts:150"
"sz_g2d_touches","o sprite %1 está encostando no sprite %2 ?","false","Jogo 2D > 💥 Colisões","Colisões > Encostar e bloquear","AJUSTAR","P0","Distinguir evento ao começar, pergunta sobre agora e varredura a cada quadro; preservar ordem dos callbacks e remoção durante iteração.","","","Pong | Jogo desenhado por código | Safári de Monstros | Duelo de Heróis | Portas do Castelo | Reino Zero | Treinador de Criaturas","catálogo e inspeção direcionada; uso externo não medido","expression","packages/studio/src/official-extensions/game-2d/blockCatalogInteraction.ts:159"
"sz_g2d_create_image_sprite","Criar sprite %1 em x %2 y %3 largura %4 altura %5 com imagem %6","false","Jogo 2D > 🎮 Sprites","Sprites > Criar e trocar aparência","MANTER / REORGANIZAR","P1","Manter a capacidade; reorganizar na família proposta. Ausência nos cursos ou exemplos não prova desuso.","","O jogo do meu jeito","Herói que anda | Sala com paredes","triagem editorial do catálogo; uso externo não medido","start-only-command","packages/studio/src/official-extensions/game-2d/blockCatalogInteraction.ts:172"
"sz_g2d_set_image","Trocar imagem do sprite %1 para %2","false","Jogo 2D > 🎮 Sprites","Sprites > Criar e trocar aparência","MANTER / REORGANIZAR","P1","Manter a capacidade; reorganizar na família proposta. Ausência nos cursos ou exemplos não prova desuso.","","","","triagem editorial do catálogo; uso externo não medido","command","packages/studio/src/official-extensions/game-2d/blockCatalogInteraction.ts:191"
"sz_g2d_load_spritesheet","Carregar folha de quadros %1 da imagem %2 com quadros de %3 x %4 px","false","Jogo 2D > 🎬 Animação","Sprites > Animação","AJUSTAR","P1","A animação nomeada já preenche quadros. Explorar apresentação compacta, preservando números personalizados, entradas conectadas e repetição/execução única.","","O jogo do meu jeito","Herói que anda","catálogo e inspeção direcionada; uso externo não medido","start-only-command","packages/studio/src/official-extensions/game-2d/blockCatalogInteraction.ts:204"
"sz_g2d_animate_sprite","Animar sprite %1 com a folha %2 na animação %3, do quadro %4 ao %5 a %6 fps","false","Jogo 2D > 🎬 Animação","Sprites > Animação","AJUSTAR","P1","A animação nomeada já preenche quadros. Explorar apresentação compacta, preservando números personalizados, entradas conectadas e repetição/execução única.","","O jogo do meu jeito","Herói que anda","catálogo e inspeção direcionada; uso externo não medido","command","packages/studio/src/official-extensions/game-2d/blockCatalogInteraction.ts:221"
"sz_g2d_animate_once","Animar sprite %1 com a folha %2 na animação %3, do quadro %4 ao %5 a %6 fps, uma vez só","false","Jogo 2D > 🎬 Animação","Sprites > Animação","AJUSTAR","P1","A animação nomeada já preenche quadros. Explorar apresentação compacta, preservando números personalizados, entradas conectadas e repetição/execução única.","","","","catálogo e inspeção direcionada; uso externo não medido","command","packages/studio/src/official-extensions/game-2d/blockCatalogInteraction.ts:243"
"sz_g2d_anim_ended","a animação de %1 acabou?","false","Jogo 2D > 🎬 Animação","Sprites > Animação","MANTER / REORGANIZAR","P1","Manter a capacidade; reorganizar na família proposta. Ausência nos cursos ou exemplos não prova desuso.","","","","triagem editorial do catálogo; uso externo não medido","expression","packages/studio/src/official-extensions/game-2d/blockCatalogInteraction.ts:263"
"sz_g2d_set_state_anim","Animação do sprite %1 no estado %2","false","Jogo 2D > 🎬 Animação","Sprites > Animação","MANTER / REORGANIZAR","P1","Manter a capacidade; reorganizar na família proposta. Ausência nos cursos ou exemplos não prova desuso.","","","","triagem editorial do catálogo; uso externo não medido","start-only-command","packages/studio/src/official-extensions/game-2d/blockCatalogInteraction.ts:272"
"sz_g2d_auto_animate","Animar e virar o sprite %1 sozinho conforme ele se move","false","Jogo 2D > 🎬 Animação","Sprites > Animação","MANTER / REORGANIZAR","P1","Manter a capacidade; reorganizar na família proposta. Ausência nos cursos ou exemplos não prova desuso.","","","Plataforma com inimigos","triagem editorial do catálogo; uso externo não medido","command","packages/studio/src/official-extensions/game-2d/blockCatalogInteraction.ts:306"
"sz_g2d_all_enemies_group","Criar o grupo %1 com os inimigos de todos os tipos","false","Jogo 2D > 😈 Inimigos","Inimigos > Tipos e comportamentos","MANTER / REORGANIZAR","P1","Manter a capacidade; reorganizar na família proposta. Ausência nos cursos ou exemplos não prova desuso.","","","Reino Zero","triagem editorial do catálogo; uso externo não medido","mold-declaration","packages/studio/src/official-extensions/game-2d/blockCatalogInteraction.ts:322"
"sz_g2d_define_enemy_type","Criar tipo de inimigo %1 que é %2 cor %3 imagem %4 figura %5 vida %6 velocidade %7 dano %8 tamanho %9 x %10","false","Jogo 2D > 😈 Inimigos","Inimigos > Tipos e comportamentos","AJUSTAR","P1","Dez campos e fontes visuais simultâneas. Priorizar escolha de comportamento e aparência; defaults e opções adicionais explícitos. Não alterar forma serializada sem migração.","","","Plataforma com inimigos | Aventura do Herói | Reino Zero | Vale Ensolarado | Vila Ninja | Sobrevivente | Herói que Evolui","catálogo e inspeção direcionada; uso externo não medido","mold-declaration","packages/studio/src/official-extensions/game-2d/blockCatalogInteraction.ts:334"
"sz_g2d_define_enemy_smart","Criar tipo de inimigo %1 com inteligência %2 cor %3 imagem %4 figura %5 vida %6 velocidade %7 dano %8 tamanho %9 x %10","false","Jogo 2D > 😈 Inimigos","Inimigos > Tipos e comportamentos","AJUSTAR","P1","Dez campos e fontes visuais simultâneas. Priorizar escolha de comportamento e aparência; defaults e opções adicionais explícitos. Não alterar forma serializada sem migração.","","","","catálogo e inspeção direcionada; uso externo não medido","mold-declaration","packages/studio/src/official-extensions/game-2d/blockCatalogInteraction.ts:364"
"sz_g2d_enemy_add_behavior","O tipo de inimigo %1 também é %2","false","Jogo 2D > 😈 Inimigos","Inimigos > Tipos e comportamentos","MANTER / REORGANIZAR","P1","Manter a capacidade; reorganizar na família proposta. Ausência nos cursos ou exemplos não prova desuso.","","","","triagem editorial do catálogo; uso externo não medido","mold-command","packages/studio/src/official-extensions/game-2d/blockCatalogInteraction.ts:389"
"sz_g2d_enemy_state_anim","Animação dos inimigos do tipo %1 no estado %2","false","Jogo 2D > 😈 Inimigos","Inimigos > Tipos e comportamentos","MANTER / REORGANIZAR","P1","Manter a capacidade; reorganizar na família proposta. Ausência nos cursos ou exemplos não prova desuso.","","","","triagem editorial do catálogo; uso externo não medido","command","packages/studio/src/official-extensions/game-2d/blockCatalogInteraction.ts:405"
"sz_g2d_enemy_type_param","Ajustar no tipo de inimigo %1 o valor de %2 para %3","false","Jogo 2D > 😈 Inimigos","Inimigos > Tipos e comportamentos","MANTER / REORGANIZAR","P1","Manter a capacidade; reorganizar na família proposta. Ausência nos cursos ou exemplos não prova desuso.","","","Plataforma com inimigos","triagem editorial do catálogo; uso externo não medido","mold-command","packages/studio/src/official-extensions/game-2d/blockCatalogInteraction.ts:441"
"sz_g2d_spawn_enemy","Soltar um inimigo do tipo %1 chamado %2 em x %3 y %4","false","Jogo 2D > 😈 Inimigos","Inimigos > Tipos e comportamentos","MANTER / REORGANIZAR","P1","Manter a capacidade; reorganizar na família proposta. Ausência nos cursos ou exemplos não prova desuso.","","","Plataforma com inimigos | Aventura do Herói | Vale Ensolarado | Vila Ninja | Sobrevivente | Herói que Evolui","triagem editorial do catálogo; uso externo não medido","command","packages/studio/src/official-extensions/game-2d/blockCatalogInteraction.ts:476"
"sz_g2d_update_enemy_type","Atualizar os inimigos do tipo %1 (alvo: o sprite %2)","false","Jogo 2D > 😈 Inimigos","Inimigos > Tipos e comportamentos","AJUSTAR","P1","Explicar quais comportamentos cada passo avança; casco tem atualização própria e não pode ser fundido sem prova de equivalência.","","","Plataforma com inimigos | Aventura do Herói | Reino Zero | Vale Ensolarado | Vila Ninja | Sobrevivente | Herói que Evolui","catálogo e inspeção direcionada; uso externo não medido","command","packages/studio/src/official-extensions/game-2d/blockCatalogInteraction.ts:496"
"sz_g2d_draw_enemy_type","Desenhar os inimigos do tipo %1 (e os tiros deles)","false","Jogo 2D > 😈 Inimigos","Inimigos > Tipos e comportamentos","MANTER / REORGANIZAR","P1","Manter a capacidade; reorganizar na família proposta. Ausência nos cursos ou exemplos não prova desuso.","","","Plataforma com inimigos | Aventura do Herói | Reino Zero | Vale Ensolarado | Vila Ninja | Sobrevivente | Herói que Evolui","triagem editorial do catálogo; uso externo não medido","command","packages/studio/src/official-extensions/game-2d/blockCatalogInteraction.ts:511"
"sz_g2d_on_enemy_defeated","Quando um inimigo do tipo %1 for derrotado (chamado %2)","false","Jogo 2D > 😈 Inimigos","Inimigos > Tipos e comportamentos","MANTER / REORGANIZAR","P1","Manter a capacidade; reorganizar na família proposta. Ausência nos cursos ou exemplos não prova desuso.","","","Plataforma com inimigos | Aventura do Herói | Reino Zero | Vila Ninja | Sobrevivente | Herói que Evolui","triagem editorial do catálogo; uso externo não medido","event","packages/studio/src/official-extensions/game-2d/blockCatalogInteraction.ts:522"
"sz_g2d_on_enemy_shot_hit","Para cada tiro do tipo %1 que acertar o sprite %2","false","Jogo 2D > 😈 Inimigos","Inimigos > Tipos e comportamentos","MANTER / REORGANIZAR","P1","Manter a capacidade; reorganizar na família proposta. Ausência nos cursos ou exemplos não prova desuso.","","","Plataforma com inimigos | Reino Zero","triagem editorial do catálogo; uso externo não medido","loop-command","packages/studio/src/official-extensions/game-2d/blockCatalogInteraction.ts:539"
"sz_g2d_on_enemy_beam_hit","Para cada raio do tipo %1 que acertar o sprite %2","false","Jogo 2D > 😈 Inimigos","Inimigos > Tipos e comportamentos","MANTER / REORGANIZAR","P1","Manter a capacidade; reorganizar na família proposta. Ausência nos cursos ou exemplos não prova desuso.","","","","triagem editorial do catálogo; uso externo não medido","loop-command","packages/studio/src/official-extensions/game-2d/blockCatalogInteraction.ts:559"
"sz_g2d_on_enemy_hurt","Quando um inimigo do tipo %1 levar dano (chamado %2)","false","Jogo 2D > 😈 Inimigos","Inimigos > Tipos e comportamentos","MANTER / REORGANIZAR","P1","Manter a capacidade; reorganizar na família proposta. Ausência nos cursos ou exemplos não prova desuso.","","","","triagem editorial do catálogo; uso externo não medido","event","packages/studio/src/official-extensions/game-2d/blockCatalogInteraction.ts:579"
"sz_g2d_hurt_by_enemy","Machucar o sprite %1 com o dano de contato do inimigo %2","false","Jogo 2D > 😈 Inimigos","Inimigos > Tipos e comportamentos","MANTER / REORGANIZAR","P1","Manter a capacidade; reorganizar na família proposta. Ausência nos cursos ou exemplos não prova desuso.","","","Plataforma com inimigos | Aventura do Herói | Reino Zero | Vale Ensolarado | Vila Ninja | Sobrevivente | Herói que Evolui","triagem editorial do catálogo; uso externo não medido","command","packages/studio/src/official-extensions/game-2d/blockCatalogInteraction.ts:596"
"sz_g2d_stomp_enemy","Derrotar os inimigos do tipo %1 quando o sprite %2 pular em cima (dando um pulinho de %3)","false","Jogo 2D > 😈 Inimigos","Inimigos > Tipos e comportamentos","MANTER / REORGANIZAR","P1","Manter a capacidade; reorganizar na família proposta. Ausência nos cursos ou exemplos não prova desuso.","","","Reino Zero","triagem editorial do catálogo; uso externo não medido","command","packages/studio/src/official-extensions/game-2d/blockCatalogInteraction.ts:611"
"sz_g2d_enemy_damage","o dano de contato do inimigo %1","false","Jogo 2D > 😈 Inimigos","Inimigos > Tipos e comportamentos","MANTER / REORGANIZAR","P1","Manter a capacidade; reorganizar na família proposta. Ausência nos cursos ou exemplos não prova desuso.","","","","triagem editorial do catálogo; uso externo não medido","expression","packages/studio/src/official-extensions/game-2d/blockCatalogInteraction.ts:628"
"sz_g2d_draw_frame","Desenhar quadro %1 da folha de quadros %2 em x %3 y %4 largura %5 altura %6","false","Jogo 2D > 🎬 Animação","Sprites > Animação","MANTER / REORGANIZAR","P1","Manter a capacidade; reorganizar na família proposta. Ausência nos cursos ou exemplos não prova desuso.","","","","triagem editorial do catálogo; uso externo não medido","command","packages/studio/src/official-extensions/game-2d/blockCatalogInteraction.ts:637"
"sz_g2d_platformer","Mover o sprite %1 estilo plataforma na tela (a borda é chão), velocidade %2 pulo %3","false","Jogo 2D > 🕹️ Movimento","Movimento > Plataforma","AJUSTAR","P0","Manter chão na borda, terreno confirmado e controlador clássico com gravidade própria separados; oferecer receitas de combinações válidas.","","","Mini plataforma | Plataforma com inimigos","catálogo e inspeção direcionada; uso externo não medido","command","packages/studio/src/official-extensions/game-2d/blockCatalogInteraction.ts:658"
"sz_g2d_top_down","Mover sprite %1 em 4 direções com setas, velocidade %2","false","Jogo 2D > 🕹️ Movimento","Movimento > Movimentos prontos","AJUSTAR","P1","Comportamentos diferentes: movimento direto, inércia, água, impulso e nave. Nomear o efeito físico e controles; não fundir por semelhança visual.","","","Pegue a moeda | Cenário do meu desenho | Herói que anda | Jogo desenhado por código | Sala com paredes | Aventura do Herói | Chuva de Meteoros | Safári de Monstros | Vila Ninja | Treinador de Criaturas | Sobrevivente | Fazenda Feliz | Herói que Evolui | Aventura com câmera","catálogo e inspeção direcionada; uso externo não medido","command","packages/studio/src/official-extensions/game-2d/blockCatalogInteraction.ts:674"
"sz_g2d_fly_free","Fazer o sprite %1 voar livre, velocidade %2","false","Jogo 2D > 🕹️ Movimento","Movimento > Movimentos prontos","AJUSTAR","P1","Comportamentos diferentes: movimento direto, inércia, água, impulso e nave. Nomear o efeito físico e controles; não fundir por semelhança visual.","","","","catálogo e inspeção direcionada; uso externo não medido","command","packages/studio/src/official-extensions/game-2d/blockCatalogInteraction.ts:689"
"sz_g2d_flap","Fazer o sprite %1 bater as asas, força %2","false","Jogo 2D > 🕹️ Movimento","Movimento > Movimentos prontos","AJUSTAR","P1","Comportamentos diferentes: movimento direto, inércia, água, impulso e nave. Nomear o efeito físico e controles; não fundir por semelhança visual.","","","","catálogo e inspeção direcionada; uso externo não medido","command","packages/studio/src/official-extensions/game-2d/blockCatalogInteraction.ts:704"
"sz_g2d_swim","Fazer o sprite %1 nadar, velocidade %2","false","Jogo 2D > 🕹️ Movimento","Movimento > Movimentos prontos","AJUSTAR","P1","Comportamentos diferentes: movimento direto, inércia, água, impulso e nave. Nomear o efeito físico e controles; não fundir por semelhança visual.","","","Reino Zero","catálogo e inspeção direcionada; uso externo não medido","command","packages/studio/src/official-extensions/game-2d/blockCatalogInteraction.ts:719"
"sz_g2d_follow_pointer","Fazer sprite %1 seguir o ponteiro, velocidade %2","false","Jogo 2D > 🕹️ Movimento","Movimento > Movimentos prontos","MANTER / REORGANIZAR","P1","Manter a capacidade; reorganizar na família proposta. Ausência nos cursos ou exemplos não prova desuso.","","","","triagem editorial do catálogo; uso externo não medido","command","packages/studio/src/official-extensions/game-2d/blockCatalogInteraction.ts:734"
"sz_g2d_clamp_to_screen","Manter o sprite %1 dentro da tela","false","Jogo 2D > 🕹️ Movimento","Movimento > Bordas e rebatidas","MANTER / REORGANIZAR","P1","Conter e atravessar para o outro lado produzem resultados diferentes.","","Desafio primeiro jogo","Chuva de números | Pegue a moeda | Cenário do meu desenho | Pong | Mini plataforma | Plataforma com inimigos | Jogo desenhado por código | Nave contra Asteroides | Asteroides clássico | Chuva de Meteoros | Escalada do Guerreiro | Duelo de Heróis | Portas do Castelo | Sobrevivente | Fazenda Feliz | Herói que Evolui","catálogo e inspeção direcionada; uso externo não medido","command","packages/studio/src/official-extensions/game-2d/blockCatalogInteraction.ts:748"
"sz_g2d_flash","Dar um clarão de cor %1","false","Jogo 2D > ✨ Aparência","Desenho e efeitos > Efeitos","AJUSTAR","P1","Explicitar geração, avanço e desenho de efeitos. draw_particles também avança partículas; fade desenha cobertura, não troca tela.","","","Portas do Castelo | Equilibrista","catálogo e inspeção direcionada; uso externo não medido","command","packages/studio/src/official-extensions/game-2d/blockCatalogInteraction.ts:760"
"sz_g2d_shake","Tremer a tela com intensidade %1","false","Jogo 2D > ✨ Aparência","Desenho e efeitos > Efeitos","AJUSTAR","P1","Explicitar geração, avanço e desenho de efeitos. draw_particles também avança partículas; fade desenha cobertura, não troca tela.","","Corre Dino | Desafio primeiro jogo","Nave contra Asteroides | Asteroides clássico | Dino Run | Dino Corredor | Batalha de Monstrinhos | Aventura do Herói | Chuva de Meteoros | Mundo Pirata | Safári de Monstros | Muralha do Reino | Duelo de Heróis | Vale Ensolarado | Vila Ninja | Treinador de Criaturas | Sobrevivente | Herói que Evolui | Guerra de Gorilas | Guerra de Gorilas vs Robô | Balão","catálogo e inspeção direcionada; uso externo não medido","command","packages/studio/src/official-extensions/game-2d/blockCatalogInteraction.ts:771"
"sz_g2d_emit_particles","Soltar %1 partículas de cor %2 em x %3 y %4","false","Jogo 2D > ✨ Aparência","Desenho e efeitos > Efeitos","AJUSTAR","P1","Explicitar geração, avanço e desenho de efeitos. draw_particles também avança partículas; fade desenha cobertura, não troca tela.","","","Aventura do Herói | Vale Ensolarado | Vila Ninja | Sobrevivente | Herói que Evolui","catálogo e inspeção direcionada; uso externo não medido","command","packages/studio/src/official-extensions/game-2d/blockCatalogInteraction.ts:783"
"sz_g2d_draw_particles","Atualizar e desenhar as partículas","false","Jogo 2D > ✨ Aparência","Desenho e efeitos > Efeitos","AJUSTAR","P1","Explicitar geração, avanço e desenho de efeitos. draw_particles também avança partículas; fade desenha cobertura, não troca tela.","","","Aventura do Herói | Reino Zero | Vale Ensolarado | Vila Ninja | Sobrevivente | Herói que Evolui","catálogo e inspeção direcionada; uso externo não medido","command","packages/studio/src/official-extensions/game-2d/blockCatalogInteraction.ts:800"
"sz_g2d_create_tilemap_from_asset","Criar mapa %1 do meu desenho %2","false","Jogo 2D > 🗺️ Mapas","Cenários > Mapas","MANTER / REORGANIZAR","P1","Manter a capacidade; reorganizar na família proposta. Ausência nos cursos ou exemplos não prova desuso.","","","","triagem editorial do catálogo; uso externo não medido","start-only-command","packages/studio/src/official-extensions/game-2d/blockCatalogInteraction.ts:812"
"sz_g2d_create_tilemap","Criar mapa de tiles %1 com imagem %2, tamanho do tile %3 px, tiles sólidos %4, tiles plataforma %5, grade %6","false","Jogo 2D > 🗺️ Mapas","Cenários > Mapas","MANTER / REORGANIZAR","P1","Manter a capacidade; reorganizar na família proposta. Ausência nos cursos ou exemplos não prova desuso.","","","Sala com paredes | Aventura do Herói","triagem editorial do catálogo; uso externo não medido","start-only-command","packages/studio/src/official-extensions/game-2d/blockCatalogInteraction.ts:827"
"sz_g2d_draw_tilemap","Bloco antigo: preparar e desenhar o mapa %1 em x %2 y %3 com tiles de %4 px","true","","Compatibilidade > Blocos históricos","MANTER COMPATIBILIDADE","P1","Compatibilidade já existente; conservar registro, codec e comportamento para projetos históricos.","","","","triagem editorial do catálogo; uso externo não medido","command","packages/studio/src/official-extensions/game-2d/blockCatalogInteraction.ts:847"
"sz_g2d_draw_backdrop","Desenhar o cenário %1","false","Jogo 2D > 🗺️ Mapas","Cenários > Fundos","MANTER / REORGANIZAR","P1","Fundos devem ser descobertos pelo propósito; kits mantêm atalhos. Configurar fundo e desenhá-lo são operações distintas.","","","","catálogo e inspeção direcionada; uso externo não medido","loop-command","packages/studio/src/official-extensions/game-2d/blockCatalogInteraction.ts:869"
"sz_g2d_tilemap_collide","Fazer o sprite %1 colidir com os sólidos e plataformas do mapa %2","false","Jogo 2D > 🗺️ Mapas","Cenários > Mapas","MANTER / REORGANIZAR","P1","Manter a capacidade; reorganizar na família proposta. Ausência nos cursos ou exemplos não prova desuso.","","","Sala com paredes | Aventura do Herói","triagem editorial do catálogo; uso externo não medido","command","packages/studio/src/official-extensions/game-2d/blockCatalogInteraction.ts:881"
"sz_g2d_collide_group","Impedir o sprite %1 de atravessar os sprites do grupo %2","false","Jogo 2D > 💥 Colisões","Colisões > Encostar e bloquear","MANTER / REORGANIZAR","P1","Manter a capacidade; reorganizar na família proposta. Ausência nos cursos ou exemplos não prova desuso.","","","Safári de Monstros | Escalada do Guerreiro | Duelo de Heróis | Vale Ensolarado | Vila Ninja | Treinador de Criaturas","triagem editorial do catálogo; uso externo não medido","command","packages/studio/src/official-extensions/game-2d/blockCatalogInteraction.ts:895"
"sz_g2d_collide_sprite","Impedir o sprite %1 de atravessar o sprite %2","false","Jogo 2D > 💥 Colisões","Colisões > Encostar e bloquear","MANTER / REORGANIZAR","P1","Manter a capacidade; reorganizar na família proposta. Ausência nos cursos ou exemplos não prova desuso.","","","","triagem editorial do catálogo; uso externo não medido","command","packages/studio/src/official-extensions/game-2d/blockCatalogInteraction.ts:909"
"sz_g2d_collide_platform","Fazer o sprite %1 pousar na plataforma %2","false","Jogo 2D > 💥 Colisões","Colisões > Encostar e bloquear","MANTER / REORGANIZAR","P1","Manter a capacidade; reorganizar na família proposta. Ausência nos cursos ou exemplos não prova desuso.","","","","triagem editorial do catálogo; uso externo não medido","command","packages/studio/src/official-extensions/game-2d/blockCatalogInteraction.ts:923"
"sz_g2d_collide_platform_group","Fazer o sprite %1 pousar nas plataformas do grupo %2","false","Jogo 2D > 💥 Colisões","Colisões > Encostar e bloquear","MANTER / REORGANIZAR","P1","Manter a capacidade; reorganizar na família proposta. Ausência nos cursos ou exemplos não prova desuso.","","","","triagem editorial do catálogo; uso externo não medido","command","packages/studio/src/official-extensions/game-2d/blockCatalogInteraction.ts:937"
"sz_g2d_enemy_type_param_legacy_start","Ajustar no tipo de inimigo %1 o valor de %2 para %3","true","","Compatibilidade > Blocos históricos","MANTER COMPATIBILIDADE","P1","Compatibilidade já existente; conservar registro, codec e comportamento para projetos históricos.","","","","triagem editorial do catálogo; uso externo não medido","command","packages/studio/src/official-extensions/game-2d/blockCatalogInteraction.ts:967"
"sz_g2d_enemy_add_behavior_legacy_start","O tipo de inimigo %1 também é %2","true","","Compatibilidade > Blocos históricos","MANTER COMPATIBILIDADE","P1","Compatibilidade já existente; conservar registro, codec e comportamento para projetos históricos.","","","","triagem editorial do catálogo; uso externo não medido","command","packages/studio/src/official-extensions/game-2d/blockCatalogInteraction.ts:968"
"sz_g2d_create_group","Criar grupo de sprites %1","false","Jogo 2D > 📦 Muitos","Grupos > Criar e percorrer","MANTER / REORGANIZAR","P1","Manter a capacidade; reorganizar na família proposta. Ausência nos cursos ou exemplos não prova desuso.","","Corre Dino | Desafio primeiro jogo","Chuva de números | Quiz de números | Plataforma com inimigos | Nave contra Asteroides | Asteroides clássico | Dino Run | Dino Corredor | Aventura do Herói | Chuva de Meteoros | Mundo Pirata | Safári de Monstros | Muralha do Reino | Escalada do Guerreiro | Duelo de Heróis | Portas do Castelo | Reino Zero | Vale Ensolarado | Vila Ninja | Treinador de Criaturas | Sobrevivente | Herói que Evolui | Aventura com câmera","triagem editorial do catálogo; uso externo não medido","start-only-command","packages/studio/src/official-extensions/game-2d/blockCatalogGroups.ts:12"
"sz_g2d_spawn_in_group","No grupo %1 criar um sprite chamado %2 em x %3 y %4 largura %5 altura %6 cor %7 com vx %8 vy %9","false","Jogo 2D > 📦 Muitos","Grupos > Criar e percorrer","MANTER / REORGANIZAR","P1","Manter a capacidade; reorganizar na família proposta. Ausência nos cursos ou exemplos não prova desuso.","","","Nave contra Asteroides | Aventura do Herói | Mundo Pirata | Safári de Monstros | Muralha do Reino | Escalada do Guerreiro | Duelo de Heróis | Portas do Castelo | Vale Ensolarado | Vila Ninja | Treinador de Criaturas | Herói que Evolui | Aventura com câmera","triagem editorial do catálogo; uso externo não medido","command","packages/studio/src/official-extensions/game-2d/blockCatalogGroups.ts:23"
"sz_g2d_spawn_image_in_group","No grupo %1 criar um sprite chamado %2 em x %3 y %4 largura %5 altura %6 com imagem %7 vx %8 vy %9","false","Jogo 2D > 📦 Muitos","Grupos > Criar e percorrer","MANTER / REORGANIZAR","P1","Manter a capacidade; reorganizar na família proposta. Ausência nos cursos ou exemplos não prova desuso.","","O jogo do meu jeito","Aventura do Herói | Aventura com câmera","triagem editorial do catálogo; uso externo não medido","command","packages/studio/src/official-extensions/game-2d/blockCatalogGroups.ts:49"
"sz_g2d_update_group","Atualizar (mover) o grupo %1","false","Jogo 2D > 📦 Muitos","Grupos > Movimento","AJUSTAR","P0","update_group move usando velocidade; gravidade permanece explícita. Nomear a ação, não Atualizar genericamente.","","Corre Dino | Desafio primeiro jogo","Chuva de números | Plataforma com inimigos | Nave contra Asteroides | Asteroides clássico | Dino Run | Dino Corredor | Chuva de Meteoros | Muralha do Reino | Sobrevivente","catálogo e inspeção direcionada; uso externo não medido","command","packages/studio/src/official-extensions/game-2d/blockCatalogGroups.ts:73"
"sz_g2d_apply_gravity_group","Aplicar a gravidade do mundo aos sprites do grupo %1","false","Jogo 2D > 📦 Muitos","Grupos > Movimento","AJUSTAR","P0","update_group move usando velocidade; gravidade permanece explícita. Nomear a ação, não Atualizar genericamente.","","","Plataforma com inimigos | Reino Zero | Vale Ensolarado","catálogo e inspeção direcionada; uso externo não medido","command","packages/studio/src/official-extensions/game-2d/blockCatalogGroups.ts:83"
"sz_g2d_draw_group","Desenhar o grupo %1","false","Jogo 2D > 📦 Muitos","Grupos > Desenho e ordem","MANTER / REORGANIZAR","P1","Ordem de desenho e pertencimento são conceitos distintos; preservar ordenação por base e suas implicações no clique.","","Corre Dino | Desafio primeiro jogo","Chuva de números | Quiz de números | Plataforma com inimigos | Nave contra Asteroides | Asteroides clássico | Dino Run | Dino Corredor | Aventura do Herói | Chuva de Meteoros | Mundo Pirata | Safári de Monstros | Muralha do Reino | Escalada do Guerreiro | Duelo de Heróis | Reino Zero | Vale Ensolarado | Vila Ninja | Treinador de Criaturas | Sobrevivente | Herói que Evolui | Aventura com câmera","catálogo e inspeção direcionada; uso externo não medido","command","packages/studio/src/official-extensions/game-2d/blockCatalogGroups.ts:94"
"sz_g2d_draw_group_by_y","Desenhar o grupo %1 ordenado pela base","false","Jogo 2D > 📦 Muitos","Grupos > Desenho e ordem","MANTER / REORGANIZAR","P1","Ordem de desenho e pertencimento são conceitos distintos; preservar ordenação por base e suas implicações no clique.","","","Aventura do Herói","catálogo e inspeção direcionada; uso externo não medido","command","packages/studio/src/official-extensions/game-2d/blockCatalogGroups.ts:104"
"sz_g2d_for_each_in_group","Para cada sprite %1 do grupo %2","false","Jogo 2D > 📦 Muitos","Grupos > Criar e percorrer","MANTER / REORGANIZAR","P1","Manter a capacidade; reorganizar na família proposta. Ausência nos cursos ou exemplos não prova desuso.","","","Quiz de números | Aventura do Herói | Mundo Pirata | Muralha do Reino | Reino Zero | Vale Ensolarado | Vila Ninja | Sobrevivente","triagem editorial do catálogo; uso externo não medido","command","packages/studio/src/official-extensions/game-2d/blockCatalogGroups.ts:115"
"sz_g2d_count_group","quantos sprites tem no grupo %1","false","Jogo 2D > 📦 Muitos","Grupos > Criar e percorrer","MANTER / REORGANIZAR","P1","Manter a capacidade; reorganizar na família proposta. Ausência nos cursos ou exemplos não prova desuso.","","Corre Dino","Chuva de números | Plataforma com inimigos | Aventura do Herói | Reino Zero | Vila Ninja | Sobrevivente","triagem editorial do catálogo; uso externo não medido","expression","packages/studio/src/official-extensions/game-2d/blockCatalogGroups.ts:133"
"sz_g2d_clear_group","Esvaziar o grupo %1","false","Jogo 2D > 📦 Muitos","Grupos > Participação e limpeza","AJUSTAR","P1","Remover vínculo com grupo não equivale a destruir um sprite; distinguir prazo, saída da tela e limpeza imediata.","","","Portas do Castelo | Reino Zero","catálogo e inspeção direcionada; uso externo não medido","command","packages/studio/src/official-extensions/game-2d/blockCatalogGroups.ts:141"
"sz_g2d_prune_offscreen","Tirar do grupo %1 quem sair da tela, para cada um (chamado %2)","false","Jogo 2D > 📦 Muitos","Grupos > Participação e limpeza","AJUSTAR","P1","Remover vínculo com grupo não equivale a destruir um sprite; distinguir prazo, saída da tela e limpeza imediata.","","Corre Dino | Desafio primeiro jogo","Chuva de números | Plataforma com inimigos | Nave contra Asteroides | Asteroides clássico | Dino Run | Dino Corredor | Chuva de Meteoros | Muralha do Reino | Sobrevivente","catálogo e inspeção direcionada; uso externo não medido","command","packages/studio/src/official-extensions/game-2d/blockCatalogGroups.ts:151"
"sz_g2d_add_to_group","Pôr o sprite %1 no grupo %2","false","Jogo 2D > 📦 Muitos","Grupos > Participação e limpeza","AJUSTAR","P1","Remover vínculo com grupo não equivale a destruir um sprite; distinguir prazo, saída da tela e limpeza imediata.","","","","catálogo e inspeção direcionada; uso externo não medido","command","packages/studio/src/official-extensions/game-2d/blockCatalogGroups.ts:169"
"sz_g2d_remove_from_group","Tirar o sprite %1 do grupo %2","false","Jogo 2D > 📦 Muitos","Grupos > Participação e limpeza","AJUSTAR","P1","Remover vínculo com grupo não equivale a destruir um sprite; distinguir prazo, saída da tela e limpeza imediata.","","Desafio primeiro jogo","Chuva de números | Plataforma com inimigos | Nave contra Asteroides | Asteroides clássico | Dino Run | Aventura do Herói | Chuva de Meteoros | Mundo Pirata | Muralha do Reino | Reino Zero | Vale Ensolarado | Vila Ninja | Sobrevivente | Herói que Evolui | Aventura com câmera","catálogo e inspeção direcionada; uso externo não medido","command","packages/studio/src/official-extensions/game-2d/blockCatalogGroups.ts:183"
"sz_g2d_on_group_overlap","Para cada colisão entre os grupos %1 e %2","false","Jogo 2D > 💥 Colisões","Colisões > Encostar e bloquear","AJUSTAR","P0","Distinguir evento ao começar, pergunta sobre agora e varredura a cada quadro; preservar ordem dos callbacks e remoção durante iteração.","","Desafio primeiro jogo","Plataforma com inimigos | Nave contra Asteroides | Asteroides clássico | Aventura do Herói | Chuva de Meteoros | Muralha do Reino | Reino Zero | Vila Ninja | Sobrevivente | Herói que Evolui","catálogo e inspeção direcionada; uso externo não medido","loop-command","packages/studio/src/official-extensions/game-2d/blockCatalogGroups.ts:199"
"sz_g2d_every_frames","A cada %1 quadros","false","Jogo 2D > ⏱️ Tempo e repetição","Tempo > Quadros e intervalos","MANTER / REORGANIZAR","P1","Manter a capacidade; reorganizar na família proposta. Ausência nos cursos ou exemplos não prova desuso.","","Desafio primeiro jogo","Nave contra Asteroides | Dino Run | Reino Zero","triagem editorial do catálogo; uso externo não medido","loop-periodic","packages/studio/src/official-extensions/game-2d/blockCatalogGroups.ts:222"
"sz_g2d_every_seconds","A cada %1 segundos","false","Jogo 2D > ⏱️ Tempo e repetição","Tempo > Quadros e intervalos","MANTER / REORGANIZAR","P1","Manter a capacidade; reorganizar na família proposta. Ausência nos cursos ou exemplos não prova desuso.","","Corre Dino","Asteroides clássico | Dino Run | Dino Corredor | Batalha de Monstrinhos | Chuva de Meteoros | Muralha do Reino | Duelo de Heróis | Treinador de Criaturas | Sobrevivente | Fazenda Feliz | Herói que Evolui","triagem editorial do catálogo; uso externo não medido","loop-periodic","packages/studio/src/official-extensions/game-2d/blockCatalogGroups.ts:236"
"sz_g2d_after_seconds","Depois de %1 segundos","false","Jogo 2D > ⏱️ Tempo e repetição","Tempo > Quadros e intervalos","MANTER / REORGANIZAR","P1","Manter a capacidade; reorganizar na família proposta. Ausência nos cursos ou exemplos não prova desuso.","","","Batalha de Monstrinhos","triagem editorial do catálogo; uso externo não medido","loop-periodic","packages/studio/src/official-extensions/game-2d/blockCatalogGroups.ts:250"
"sz_g2d_draw_score","Mostrar placar %1 valor %2 em x %3 y %4 cor %5 tamanho %6","false","Jogo 2D > 🏆 Placar e HUD","Vida e placar > Indicadores e texto na tela","MANTER / REORGANIZAR","P1","Manter a capacidade; reorganizar na família proposta. Ausência nos cursos ou exemplos não prova desuso.","","Corre Dino | Desafio primeiro jogo","Chuva de números | Quiz de números | Pegue a moeda | Pong | Plataforma com inimigos | Jogo desenhado por código | Nave contra Asteroides | Asteroides clássico | Dino Run | Dino Corredor | Batalha de Monstrinhos | Aventura do Herói | Chuva de Meteoros | Mundo Pirata | Safári de Monstros | Muralha do Reino | Duelo de Heróis | Portas do Castelo | Reino Zero | Vale Ensolarado | Vila Ninja | Treinador de Criaturas | Sobrevivente | Fazenda Feliz | Herói que Evolui | Guerra de Gorilas | Guerra de Gorilas vs Robô | Equilibrista | Balão | Aventura com câmera","triagem editorial do catálogo; uso externo não medido","command","packages/studio/src/official-extensions/game-2d/blockCatalogGroups.ts:266"
"sz_g2d_draw_label","Escrever %1 em x %2 y %3 cor %4 tamanho %5 alinhado %6","false","Jogo 2D > 🏆 Placar e HUD","Vida e placar > Indicadores e texto na tela","MANTER / REORGANIZAR","P1","Manter a capacidade; reorganizar na família proposta. Ausência nos cursos ou exemplos não prova desuso.","","","Quiz de números | Herói que anda | Mini plataforma | Jogo desenhado por código | Sala com paredes | Batalha de Monstrinhos | Muralha do Reino | Escalada do Guerreiro | Portas do Castelo | Treinador de Criaturas | Balão | Aventura com câmera","triagem editorial do catálogo; uso externo não medido","command","packages/studio/src/official-extensions/game-2d/blockCatalogGroups.ts:284"
"sz_g2d_draw_hearts","Desenhar %1 vidas (corações) em x %2 y %3 tamanho %4 cor %5","true","","Compatibilidade > Blocos históricos","MANTER COMPATIBILIDADE","P1","Compatibilidade já existente; conservar registro, codec e comportamento para projetos históricos.","","","","triagem editorial do catálogo; uso externo não medido","command","packages/studio/src/official-extensions/game-2d/blockCatalogGroups.ts:311"
"sz_g2d_draw_bar","Barra de %1 / %2 em x %3 y %4 largura %5 altura %6 cor %7","false","Jogo 2D > 🏆 Placar e HUD","Vida e placar > Indicadores e texto na tela","MANTER / REORGANIZAR","P1","Manter a capacidade; reorganizar na família proposta. Ausência nos cursos ou exemplos não prova desuso.","","","Batalha de Monstrinhos | Duelo de Heróis | Treinador de Criaturas | Balão","triagem editorial do catálogo; uso externo não medido","command","packages/studio/src/official-extensions/game-2d/blockCatalogGroups.ts:329"
"sz_g2d_set_stage_description","Descrever o jogo para leitor de tela %1","false","Jogo 2D > 📺 Telas e cenas","Jogo e telas > Telas e partida","MANTER / REORGANIZAR","P1","Manter a capacidade; reorganizar na família proposta. Ausência nos cursos ou exemplos não prova desuso.","","Corre Dino","Chuva de números | Quiz de números | Pegue a moeda | Cenário do meu desenho | Pong | Herói que anda | Mini plataforma | Plataforma com inimigos | Jogo desenhado por código | Sala com paredes | Nave contra Asteroides | Asteroides clássico | Dino Run | Dino Corredor | Batalha de Monstrinhos | Aventura do Herói | Chuva de Meteoros | Mundo Pirata | Safári de Monstros | Muralha do Reino | Escalada do Guerreiro | Duelo de Heróis | Portas do Castelo | Reino Zero | Vale Ensolarado | Vila Ninja | Treinador de Criaturas | Sobrevivente | Fazenda Feliz | Herói que Evolui | Guerra de Gorilas | Guerra de Gorilas vs Robô | Equilibrista | Balão | Aventura com câmera","triagem editorial do catálogo; uso externo não medido","start-only-command","packages/studio/src/official-extensions/game-2d/blockCatalogGroups.ts:350"
"sz_g2d_set_scene","Ir para a tela %1","false","Jogo 2D > 📺 Telas e cenas","Jogo e telas > Telas e partida","AJUSTAR","P0","Separar estado atual da partida e desenho da interface; set_scene não pausa automaticamente simulação, temporizadores ou entradas.","","Corre Dino | Desafio primeiro jogo","Chuva de números | Quiz de números | Pegue a moeda | Pong | Plataforma com inimigos | Nave contra Asteroides | Asteroides clássico | Dino Run | Dino Corredor | Batalha de Monstrinhos | Aventura do Herói | Chuva de Meteoros | Mundo Pirata | Safári de Monstros | Muralha do Reino | Escalada do Guerreiro | Duelo de Heróis | Portas do Castelo | Reino Zero | Vale Ensolarado | Vila Ninja | Treinador de Criaturas | Sobrevivente | Fazenda Feliz | Herói que Evolui | Guerra de Gorilas | Guerra de Gorilas vs Robô | Equilibrista | Balão","catálogo e inspeção direcionada; uso externo não medido","command","packages/studio/src/official-extensions/game-2d/blockCatalogGroups.ts:367"
"sz_g2d_scene_is","a tela atual é %1 ?","false","Jogo 2D > 📺 Telas e cenas","Jogo e telas > Telas e partida","AJUSTAR","P0","Separar estado atual da partida e desenho da interface; set_scene não pausa automaticamente simulação, temporizadores ou entradas.","","Corre Dino | Desafio primeiro jogo","Chuva de números | Quiz de números | Pegue a moeda | Pong | Plataforma com inimigos | Nave contra Asteroides | Asteroides clássico | Dino Run | Dino Corredor | Batalha de Monstrinhos | Aventura do Herói | Chuva de Meteoros | Mundo Pirata | Safári de Monstros | Muralha do Reino | Escalada do Guerreiro | Duelo de Heróis | Portas do Castelo | Reino Zero | Vale Ensolarado | Vila Ninja | Treinador de Criaturas | Sobrevivente | Fazenda Feliz | Herói que Evolui | Guerra de Gorilas | Guerra de Gorilas vs Robô | Equilibrista | Balão","catálogo e inspeção direcionada; uso externo não medido","expression","packages/studio/src/official-extensions/game-2d/blockCatalogGroups.ts:377"
"sz_g2d_show_image_screen","Mostrar a tela com a imagem %1","false","Jogo 2D > 📺 Telas e cenas","Jogo e telas > Telas e partida","AJUSTAR","P0","Separar estado atual da partida e desenho da interface; set_scene não pausa automaticamente simulação, temporizadores ou entradas.","","","","catálogo e inspeção direcionada; uso externo não medido","loop-command","packages/studio/src/official-extensions/game-2d/blockCatalogGroups.ts:385"
"sz_g2d_show_screen","Mostrar tela com título %1 subtítulo %2 dica %3 fundo %4","false","Jogo 2D > 📺 Telas e cenas","Jogo e telas > Telas e partida","AJUSTAR","P0","Separar estado atual da partida e desenho da interface; set_scene não pausa automaticamente simulação, temporizadores ou entradas.","","Corre Dino | Desafio primeiro jogo","Chuva de números | Quiz de números | Pegue a moeda | Pong | Plataforma com inimigos | Nave contra Asteroides | Asteroides clássico | Dino Run | Dino Corredor | Batalha de Monstrinhos | Aventura do Herói | Chuva de Meteoros | Mundo Pirata | Safári de Monstros | Muralha do Reino | Escalada do Guerreiro | Duelo de Heróis | Portas do Castelo | Vale Ensolarado | Vila Ninja | Treinador de Criaturas | Sobrevivente | Fazenda Feliz | Herói que Evolui | Guerra de Gorilas | Guerra de Gorilas vs Robô | Equilibrista | Balão","catálogo e inspeção direcionada; uso externo não medido","command","packages/studio/src/official-extensions/game-2d/blockCatalogGroups.ts:397"
"sz_g2d_restart","Reiniciar o jogo","false","Jogo 2D > 📺 Telas e cenas","Jogo e telas > Telas e partida","MANTER / REORGANIZAR","P1","Manter a capacidade; reorganizar na família proposta. Ausência nos cursos ou exemplos não prova desuso.","","Corre Dino | Desafio primeiro jogo","Chuva de números | Quiz de números | Pegue a moeda | Pong | Plataforma com inimigos | Nave contra Asteroides | Asteroides clássico | Dino Run | Dino Corredor | Batalha de Monstrinhos | Aventura do Herói | Chuva de Meteoros | Mundo Pirata | Safári de Monstros | Muralha do Reino | Escalada do Guerreiro | Duelo de Heróis | Portas do Castelo | Reino Zero | Vale Ensolarado | Vila Ninja | Treinador de Criaturas | Sobrevivente | Fazenda Feliz | Herói que Evolui | Guerra de Gorilas | Guerra de Gorilas vs Robô | Equilibrista | Balão","triagem editorial do catálogo; uso externo não medido","[object Object]","packages/studio/src/official-extensions/game-2d/blockCatalogGroups.ts:414"
"sz_g2d_starfield","Desenhar fundo de estrelas (velocidade %1)","false","Jogo 2D > 🚀 Kit espaço","Cenários > Fundos","MANTER / REORGANIZAR","P1","Fundos devem ser descobertos pelo propósito; kits mantêm atalhos. Configurar fundo e desenhá-lo são operações distintas.","","Desafio primeiro jogo","Nave contra Asteroides | Asteroides clássico | Chuva de Meteoros","catálogo e inspeção direcionada; uso externo não medido","command","packages/studio/src/official-extensions/game-2d/blockCatalogGroups.ts:439"
"sz_g2d_drag_x","Mover o sprite %1 com o dedo/mouse (só na horizontal)","false","Jogo 2D > 🕹️ Movimento","Movimento > Movimentos prontos","MANTER / REORGANIZAR","P1","Manter a capacidade; reorganizar na família proposta. Ausência nos cursos ou exemplos não prova desuso.","","","Chuva de números | Nave contra Asteroides","triagem editorial do catálogo; uso externo não medido","command","packages/studio/src/official-extensions/game-2d/blockCatalogGroups.ts:451"
"sz_g2d_setup_stage","Preparar o jogo em tela cheia, tela %1 × %2, fundo %3","false","Jogo 2D > ✨ Aparência","Jogo e telas > Preparar a área do jogo","AJUSTAR","P0","Separar resolução lógica e ocupação da janela; preservar coordenadas e padrões. Preparação não pertence à aparência de um sprite.","","Corre Dino | Desafio primeiro jogo","Chuva de números | Quiz de números | Pegue a moeda | Cenário do meu desenho | Pong | Herói que anda | Mini plataforma | Plataforma com inimigos | Jogo desenhado por código | Sala com paredes | Nave contra Asteroides | Asteroides clássico | Dino Run | Dino Corredor | Batalha de Monstrinhos | Aventura do Herói | Chuva de Meteoros | Mundo Pirata | Safári de Monstros | Muralha do Reino | Escalada do Guerreiro | Duelo de Heróis | Portas do Castelo | Reino Zero | Vale Ensolarado | Vila Ninja | Treinador de Criaturas | Sobrevivente | Fazenda Feliz | Herói que Evolui | Guerra de Gorilas | Guerra de Gorilas vs Robô | Equilibrista | Balão | Aventura com câmera","catálogo e inspeção direcionada; uso externo não medido","start-only-command","packages/studio/src/official-extensions/game-2d/blockCatalogGroups.ts:462"
"sz_g2d_setup_full","Preparar o jogo para ocupar a tela toda, fundo %1","false","Jogo 2D > ✨ Aparência","Jogo e telas > Preparar a área do jogo","AJUSTAR","P0","Separar resolução lógica e ocupação da janela; preservar coordenadas e padrões. Preparação não pertence à aparência de um sprite.","","","","catálogo e inspeção direcionada; uso externo não medido","start-only-command","packages/studio/src/official-extensions/game-2d/blockCatalogGroups.ts:478"
"sz_g2d_fit_screen","Fazer a tela preencher %1% da janela (mantendo a proporção)","false","Jogo 2D > ✨ Aparência","Jogo e telas > Preparar a área do jogo","AJUSTAR","P0","Separar resolução lógica e ocupação da janela; preservar coordenadas e padrões. Preparação não pertence à aparência de um sprite.","","","Nave contra Asteroides | Asteroides clássico | Dino Run | Dino Corredor | Batalha de Monstrinhos | Aventura do Herói | Chuva de Meteoros | Mundo Pirata | Safári de Monstros | Muralha do Reino | Escalada do Guerreiro | Duelo de Heróis | Portas do Castelo | Vale Ensolarado | Vila Ninja | Treinador de Criaturas | Sobrevivente | Fazenda Feliz | Herói que Evolui | Guerra de Gorilas | Guerra de Gorilas vs Robô | Equilibrista | Balão","catálogo e inspeção direcionada; uso externo não medido","start-only-command","packages/studio/src/official-extensions/game-2d/blockCatalogGroups.ts:492"
"sz_g2d_spawn_bullet","Criar tiro no grupo %1 em x %2 y %3 raio %4 cor %5 vx %6 vy %7","false","Jogo 2D > 📦 Muitos","Grupos > Criar e percorrer","MANTER / REORGANIZAR","P1","Manter a capacidade; reorganizar na família proposta. Ausência nos cursos ou exemplos não prova desuso.","","Desafio primeiro jogo","Plataforma com inimigos | Chuva de Meteoros | Muralha do Reino | Reino Zero","triagem editorial do catálogo; uso externo não medido","command","packages/studio/src/official-extensions/game-2d/blockCatalogGroups.ts:505"
"sz_g2d_arrows_x","Mover o sprite %1 com as setas <- -> (velocidade %2)","false","Jogo 2D > 🕹️ Movimento","Movimento > Movimentos prontos","MANTER / REORGANIZAR","P1","Manter a capacidade; reorganizar na família proposta. Ausência nos cursos ou exemplos não prova desuso.","","Desafio primeiro jogo","Chuva de números | Escalada do Guerreiro | Portas do Castelo | Vale Ensolarado","triagem editorial do catálogo; uso externo não medido","command","packages/studio/src/official-extensions/game-2d/blockCatalogGroups.ts:525"
"sz_g2d_blink","Fazer o sprite %1 piscar por %2 quadros","false","Jogo 2D > ✨ Aparência","Desenho e efeitos > Efeitos","MANTER / REORGANIZAR","P1","Manter a capacidade; reorganizar na família proposta. Ausência nos cursos ou exemplos não prova desuso.","","","Batalha de Monstrinhos | Treinador de Criaturas","triagem editorial do catálogo; uso externo não medido","command","packages/studio/src/official-extensions/game-2d/blockCatalogGroups.ts:540"
"sz_g2d_define_shape","Desenhar a figura %1 assim:","false","Jogo 2D > 🎨 Desenho","Desenho e efeitos > Figuras","MANTER / REORGANIZAR","P1","Manter a capacidade; reorganizar na família proposta. Ausência nos cursos ou exemplos não prova desuso.","","","Jogo desenhado por código | Batalha de Monstrinhos | Aventura do Herói | Mundo Pirata | Safári de Monstros | Muralha do Reino | Escalada do Guerreiro | Duelo de Heróis | Portas do Castelo | Reino Zero | Vale Ensolarado | Vila Ninja | Treinador de Criaturas | Sobrevivente | Fazenda Feliz | Herói que Evolui","triagem editorial do catálogo; uso externo não medido","mold-declaration","packages/studio/src/official-extensions/game-2d/blockCatalogGroups.ts:557"
"sz_g2d_create_shape_sprite","Criar sprite %1 em x %2 y %3 largura %4 altura %5 com a figura %6","false","Jogo 2D > 🎨 Desenho","Sprites > Criar e trocar aparência","MANTER / REORGANIZAR","P1","Criação de sprite com figura e troca de figura ficam junto das imagens; definir a figura continua em desenho.","","","Jogo desenhado por código | Batalha de Monstrinhos | Aventura do Herói | Mundo Pirata | Safári de Monstros | Muralha do Reino | Escalada do Guerreiro | Duelo de Heróis | Portas do Castelo | Reino Zero | Vale Ensolarado | Vila Ninja | Treinador de Criaturas | Sobrevivente | Fazenda Feliz | Herói que Evolui","catálogo e inspeção direcionada; uso externo não medido","start-only-command","packages/studio/src/official-extensions/game-2d/blockCatalogGroups.ts:572"
"sz_g2d_set_shape","Trocar a figura do sprite %1 para %2","false","Jogo 2D > 🎨 Desenho","Sprites > Criar e trocar aparência","MANTER / REORGANIZAR","P1","Criação de sprite com figura e troca de figura ficam junto das imagens; definir a figura continua em desenho.","","","Reino Zero","catálogo e inspeção direcionada; uso externo não medido","command","packages/studio/src/official-extensions/game-2d/blockCatalogGroups.ts:591"
"sz_g2d_paint_rect","Desenhar retângulo em x %1 y %2 largura %3 altura %4 cor %5","false","Jogo 2D > 🎨 Desenho","Desenho e efeitos > Figuras","MANTER / REORGANIZAR","P1","Manter a capacidade; reorganizar na família proposta. Ausência nos cursos ou exemplos não prova desuso.","","","Jogo desenhado por código | Batalha de Monstrinhos | Aventura do Herói | Mundo Pirata | Safári de Monstros | Muralha do Reino | Escalada do Guerreiro | Duelo de Heróis | Portas do Castelo | Vale Ensolarado | Vila Ninja | Treinador de Criaturas | Sobrevivente | Fazenda Feliz | Herói que Evolui","triagem editorial do catálogo; uso externo não medido","command","packages/studio/src/official-extensions/game-2d/blockCatalogGroups.ts:605"
"sz_g2d_paint_circle","Desenhar círculo em x %1 y %2 raio %3 cor %4","false","Jogo 2D > 🎨 Desenho","Desenho e efeitos > Figuras","MANTER / REORGANIZAR","P1","Manter a capacidade; reorganizar na família proposta. Ausência nos cursos ou exemplos não prova desuso.","","","Jogo desenhado por código | Batalha de Monstrinhos | Aventura do Herói | Mundo Pirata | Safári de Monstros | Muralha do Reino | Escalada do Guerreiro | Duelo de Heróis | Vale Ensolarado | Vila Ninja | Treinador de Criaturas | Sobrevivente | Fazenda Feliz | Herói que Evolui","triagem editorial do catálogo; uso externo não medido","command","packages/studio/src/official-extensions/game-2d/blockCatalogGroups.ts:622"
"sz_g2d_paint_ellipse","Desenhar oval em x %1 y %2 largura %3 altura %4 cor %5","false","Jogo 2D > 🎨 Desenho","Desenho e efeitos > Figuras","MANTER / REORGANIZAR","P1","Manter a capacidade; reorganizar na família proposta. Ausência nos cursos ou exemplos não prova desuso.","","","Batalha de Monstrinhos | Mundo Pirata","triagem editorial do catálogo; uso externo não medido","command","packages/studio/src/official-extensions/game-2d/blockCatalogGroups.ts:638"
"sz_g2d_paint_triangle","Desenhar triângulo em (%1, %2) (%3, %4) (%5, %6) cor %7","false","Jogo 2D > 🎨 Desenho","Desenho e efeitos > Figuras","MANTER / REORGANIZAR","P1","Manter a capacidade; reorganizar na família proposta. Ausência nos cursos ou exemplos não prova desuso.","","","Batalha de Monstrinhos | Aventura do Herói | Safári de Monstros | Muralha do Reino | Vale Ensolarado | Vila Ninja | Treinador de Criaturas","triagem editorial do catálogo; uso externo não medido","command","packages/studio/src/official-extensions/game-2d/blockCatalogGroups.ts:655"
"sz_g2d_paint_line","Desenhar linha de x %1 y %2 até x %3 y %4 cor %5 espessura %6","false","Jogo 2D > 🎨 Desenho","Desenho e efeitos > Figuras","MANTER / REORGANIZAR","P1","Manter a capacidade; reorganizar na família proposta. Ausência nos cursos ou exemplos não prova desuso.","","","","triagem editorial do catálogo; uso externo não medido","command","packages/studio/src/official-extensions/game-2d/blockCatalogGroups.ts:674"
"sz_g2d_shape_w","a largura da figura","false","Jogo 2D > 🎨 Desenho","Desenho e efeitos > Figuras","MANTER / REORGANIZAR","P1","Manter a capacidade; reorganizar na família proposta. Ausência nos cursos ou exemplos não prova desuso.","","","","triagem editorial do catálogo; uso externo não medido","expression","packages/studio/src/official-extensions/game-2d/blockCatalogGroups.ts:692"
"sz_g2d_shape_h","a altura da figura","false","Jogo 2D > 🎨 Desenho","Desenho e efeitos > Figuras","MANTER / REORGANIZAR","P1","Manter a capacidade; reorganizar na família proposta. Ausência nos cursos ou exemplos não prova desuso.","","","","triagem editorial do catálogo; uso externo não medido","expression","packages/studio/src/official-extensions/game-2d/blockCatalogGroups.ts:700"
"sz_g2d_create_ship","Criar nave %1 em x %2 y %3 largura %4 altura %5, cor do corpo %6 cor das asas %7","false","Jogo 2D > 🚀 Kit espaço","Kits prontos > Espaço","MANTER / REORGANIZAR","P1","Manter a capacidade; reorganizar na família proposta. Ausência nos cursos ou exemplos não prova desuso.","","Desafio primeiro jogo","Nave contra Asteroides | Asteroides clássico | Chuva de Meteoros","triagem editorial do catálogo; uso externo não medido","start-only-command","packages/studio/src/official-extensions/game-2d/blockCatalogGroups.ts:707"
"sz_g2d_spawn_asteroid","No grupo %1 criar um asteroide em x %2 y %3 tamanho %4 cor %5 com vx %6 vy %7","false","Jogo 2D > 🚀 Kit espaço","Kits prontos > Espaço","MANTER / REORGANIZAR","P1","Manter a capacidade; reorganizar na família proposta. Ausência nos cursos ou exemplos não prova desuso.","","Desafio primeiro jogo","Nave contra Asteroides | Chuva de Meteoros","triagem editorial do catálogo; uso externo não medido","command","packages/studio/src/official-extensions/game-2d/blockCatalogGroups.ts:727"
"sz_g2d_explode","Soltar explosão no sprite %1 cor %2","false","Jogo 2D > 🚀 Kit espaço","Desenho e efeitos > Partículas","MANTER / REORGANIZAR","P1","Explosão é efeito genérico usado também no Corre Dino; o kit Espaço pode oferecer atalho.","","Corre Dino | Desafio primeiro jogo","Nave contra Asteroides | Asteroides clássico | Dino Run | Dino Corredor | Chuva de Meteoros | Mundo Pirata | Muralha do Reino | Duelo de Heróis | Reino Zero | Guerra de Gorilas | Guerra de Gorilas vs Robô | Balão","catálogo e inspeção direcionada; uso externo não medido","command","packages/studio/src/official-extensions/game-2d/blockCatalogGroups.ts:747"
"sz_g2d_play_shoot","Tocar som de tiro","false","Jogo 2D > 🚀 Kit espaço","Som > Efeitos prontos","CONSOLIDAR EM PRESET","P1","playFx já despacha os mesmos helpers; kits podem oferecer o mesmo bloco com opção preenchida. IDs e parsers antigos continuam aceitos.","sz_g2d_play_fx (opção equivalente)","Desafio primeiro jogo","Nave contra Asteroides | Asteroides clássico | Chuva de Meteoros | Sobrevivente","catálogo e inspeção direcionada; uso externo não medido","command","packages/studio/src/official-extensions/game-2d/blockCatalogGroups.ts:761"
"sz_g2d_play_explosion","Tocar som de explosão","false","Jogo 2D > 🚀 Kit espaço","Som > Efeitos prontos","CONSOLIDAR EM PRESET","P1","playFx já despacha os mesmos helpers; kits podem oferecer o mesmo bloco com opção preenchida. IDs e parsers antigos continuam aceitos.","sz_g2d_play_fx (opção equivalente)","Desafio primeiro jogo","Nave contra Asteroides | Asteroides clássico | Chuva de Meteoros | Muralha do Reino | Sobrevivente","catálogo e inspeção direcionada; uso externo não medido","command","packages/studio/src/official-extensions/game-2d/blockCatalogGroups.ts:771"
"sz_g2d_on_sprite_group_overlap","Para cada sprite do grupo %1 que colidir com o sprite %2","false","Jogo 2D > 💥 Colisões","Colisões > Encostar e bloquear","AJUSTAR","P0","Distinguir evento ao começar, pergunta sobre agora e varredura a cada quadro; preservar ordem dos callbacks e remoção durante iteração.","","Corre Dino | Desafio primeiro jogo","Chuva de números | Plataforma com inimigos | Nave contra Asteroides | Asteroides clássico | Dino Run | Dino Corredor | Aventura do Herói | Chuva de Meteoros | Mundo Pirata | Safári de Monstros | Muralha do Reino | Reino Zero | Vale Ensolarado | Vila Ninja | Sobrevivente | Herói que Evolui | Aventura com câmera","catálogo e inspeção direcionada; uso externo não medido","loop-command","packages/studio/src/official-extensions/game-2d/blockCatalogGroups.ts:781"
"sz_g2d_jump_on_ground","Fazer o sprite %1 pular na tela (a borda é chão), força %2","false","Jogo 2D > 🕹️ Movimento","Movimento > Plataforma","AJUSTAR","P0","Manter chão na borda, terreno confirmado e controlador clássico com gravidade própria separados; oferecer receitas de combinações válidas.","","","","catálogo e inspeção direcionada; uso externo não medido","command","packages/studio/src/official-extensions/game-2d/blockCatalogKits.ts:10"
"sz_g2d_create_dino","Criar dinossauro %1 em x %2 y %3 tamanho %4 cor %5","false","Jogo 2D > 🦕 Kit dino","Kits prontos > Dino","MANTER / REORGANIZAR","P1","Manter a capacidade; reorganizar na família proposta. Ausência nos cursos ou exemplos não prova desuso.","","Corre Dino","Dino Run | Dino Corredor","triagem editorial do catálogo; uso externo não medido","start-only-command","packages/studio/src/official-extensions/game-2d/blockCatalogKits.ts:27"
"sz_g2d_control_dino","Controlar o dinossauro %1, força do pulo %2","false","Jogo 2D > 🦕 Kit dino","Kits prontos > Dino","MANTER / REORGANIZAR","P1","Manter a capacidade; reorganizar na família proposta. Ausência nos cursos ou exemplos não prova desuso.","","Corre Dino","Dino Run | Dino Corredor","triagem editorial do catálogo; uso externo não medido","command","packages/studio/src/official-extensions/game-2d/blockCatalogKits.ts:45"
"sz_g2d_spawn_obstacle","No grupo %1 criar obstáculo %2 em x %3 tamanho %4 com vx %5","false","Jogo 2D > 🦕 Kit dino","Kits prontos > Dino","MANTER / REORGANIZAR","P1","Manter a capacidade; reorganizar na família proposta. Ausência nos cursos ou exemplos não prova desuso.","","Corre Dino","Dino Run | Dino Corredor","triagem editorial do catálogo; uso externo não medido","command","packages/studio/src/official-extensions/game-2d/blockCatalogKits.ts:60"
"sz_g2d_spawn_egg","No grupo %1 criar um ovo (bônus) em x %2 y %3 com vx %4","false","Jogo 2D > 🦕 Kit dino","Kits prontos > Dino","MANTER / REORGANIZAR","P1","Manter a capacidade; reorganizar na família proposta. Ausência nos cursos ou exemplos não prova desuso.","","","Dino Run","triagem editorial do catálogo; uso externo não medido","command","packages/studio/src/official-extensions/game-2d/blockCatalogKits.ts:87"
"sz_g2d_forest","Desenhar fundo de floresta (velocidade %1)","false","Jogo 2D > 🦕 Kit dino","Cenários > Fundos","MANTER / REORGANIZAR","P1","Fundos devem ser descobertos pelo propósito; kits mantêm atalhos. Configurar fundo e desenhá-lo são operações distintas.","","Corre Dino","Dino Run | Dino Corredor","catálogo e inspeção direcionada; uso externo não medido","command","packages/studio/src/official-extensions/game-2d/blockCatalogKits.ts:104"
"sz_g2d_play_jump","Tocar som de pulo","false","Jogo 2D > 🦕 Kit dino","Som > Efeitos prontos","CONSOLIDAR EM PRESET","P1","playFx já despacha os mesmos helpers; kits podem oferecer o mesmo bloco com opção preenchida. IDs e parsers antigos continuam aceitos.","sz_g2d_play_fx (opção equivalente)","Corre Dino","Equilibrista","catálogo e inspeção direcionada; uso externo não medido","command","packages/studio/src/official-extensions/game-2d/blockCatalogKits.ts:116"
"sz_g2d_play_dino_hurt","Tocar som de dano","false","Jogo 2D > 🦕 Kit dino","Som > Efeitos prontos","CONSOLIDAR EM PRESET","P1","playFx já despacha os mesmos helpers; kits podem oferecer o mesmo bloco com opção preenchida. IDs e parsers antigos continuam aceitos.","sz_g2d_play_fx (opção equivalente)","","Dino Run","catálogo e inspeção direcionada; uso externo não medido","command","packages/studio/src/official-extensions/game-2d/blockCatalogKits.ts:126"
"sz_g2d_play_collect","Tocar som de coletar","false","Jogo 2D > 🦕 Kit dino","Som > Efeitos prontos","CONSOLIDAR EM PRESET","P1","playFx já despacha os mesmos helpers; kits podem oferecer o mesmo bloco com opção preenchida. IDs e parsers antigos continuam aceitos.","sz_g2d_play_fx (opção equivalente)","","Dino Run | Equilibrista","catálogo e inspeção direcionada; uso externo não medido","command","packages/studio/src/official-extensions/game-2d/blockCatalogKits.ts:136"
"sz_g2d_steer_thrust","Controlar o sprite %1 como nave, velocidade %2 giro %3","false","Jogo 2D > 🕹️ Movimento","Movimento > Movimentos prontos","AJUSTAR","P1","Comportamentos diferentes: movimento direto, inércia, água, impulso e nave. Nomear o efeito físico e controles; não fundir por semelhança visual.","","","Asteroides clássico","catálogo e inspeção direcionada; uso externo não medido","command","packages/studio/src/official-extensions/game-2d/blockCatalogKits.ts:148"
"sz_g2d_rotate_sprite","Girar o sprite %1 em %2 graus","false","Jogo 2D > 🕹️ Movimento","Movimento > Direção e distância","MANTER / REORGANIZAR","P1","Agrupar o alvo e as medidas do movimento; manter operações distintas.","","","Reino Zero","catálogo e inspeção direcionada; uso externo não medido","command","packages/studio/src/official-extensions/game-2d/blockCatalogKits.ts:164"
"sz_g2d_point_sprite","Apontar o sprite %1 para %2 graus","false","Jogo 2D > 🕹️ Movimento","Movimento > Direção e distância","MANTER / REORGANIZAR","P1","Agrupar o alvo e as medidas do movimento; manter operações distintas.","","","","catálogo e inspeção direcionada; uso externo não medido","command","packages/studio/src/official-extensions/game-2d/blockCatalogKits.ts:179"
"sz_g2d_thrust","Impulsionar o sprite %1 para a frente, força %2","false","Jogo 2D > 🕹️ Movimento","Movimento > Direção e distância","MANTER / REORGANIZAR","P1","Agrupar o alvo e as medidas do movimento; manter operações distintas.","","","","catálogo e inspeção direcionada; uso externo não medido","command","packages/studio/src/official-extensions/game-2d/blockCatalogKits.ts:194"
"sz_g2d_apply_friction","Frear o sprite %1 aos poucos (atrito %2)","false","Jogo 2D > 🕹️ Movimento","Movimento > Direção e distância","MANTER / REORGANIZAR","P1","Agrupar o alvo e as medidas do movimento; manter operações distintas.","","","","catálogo e inspeção direcionada; uso externo não medido","command","packages/studio/src/official-extensions/game-2d/blockCatalogKits.ts:209"
"sz_g2d_sprite_angle","a direção (em graus) do sprite %1","false","Jogo 2D > 🕹️ Movimento","Movimento > Direção e distância","MANTER / REORGANIZAR","P1","Agrupar o alvo e as medidas do movimento; manter operações distintas.","","","","catálogo e inspeção direcionada; uso externo não medido","expression","packages/studio/src/official-extensions/game-2d/blockCatalogKits.ts:224"
"sz_g2d_shoot_from","Atirar do sprite %1 para a frente, no grupo %2, velocidade %3 cor %4","false","Jogo 2D > 🚀 Kit espaço","Kits prontos > Espaço","MANTER / REORGANIZAR","P1","Manter a capacidade; reorganizar na família proposta. Ausência nos cursos ou exemplos não prova desuso.","","","Asteroides clássico | Sobrevivente","triagem editorial do catálogo; uso externo não medido","command","packages/studio/src/official-extensions/game-2d/blockCatalogKits.ts:233"
"sz_g2d_spawn_asteroid_edge","No grupo %1 soltar um asteroide de uma borda, tamanho %2 cor %3 velocidade %4","false","Jogo 2D > 🚀 Kit espaço","Kits prontos > Espaço","MANTER / REORGANIZAR","P1","Manter a capacidade; reorganizar na família proposta. Ausência nos cursos ou exemplos não prova desuso.","","","Asteroides clássico","triagem editorial do catálogo; uso externo não medido","command","packages/studio/src/official-extensions/game-2d/blockCatalogKits.ts:250"
"sz_g2d_create_city","Criar cidade de prédios %1","false","Jogo 2D > 🦍 Kit gorilas","Kits prontos > Gorilas","MANTER / REORGANIZAR","P1","Manter a capacidade; reorganizar na família proposta. Ausência nos cursos ou exemplos não prova desuso.","","","Guerra de Gorilas | Guerra de Gorilas vs Robô","triagem editorial do catálogo; uso externo não medido","start-only-command","packages/studio/src/official-extensions/game-2d/blockCatalogKits.ts:269"
"sz_g2d_draw_city","Desenhar a cidade %1","false","Jogo 2D > 🦍 Kit gorilas","Kits prontos > Gorilas","MANTER / REORGANIZAR","P1","Manter a capacidade; reorganizar na família proposta. Ausência nos cursos ou exemplos não prova desuso.","","","Guerra de Gorilas | Guerra de Gorilas vs Robô","triagem editorial do catálogo; uso externo não medido","command","packages/studio/src/official-extensions/game-2d/blockCatalogKits.ts:280"
"sz_g2d_place_thrower","Pôr o gorila %1 na cidade %2 no lado %3 cor %4","false","Jogo 2D > 🦍 Kit gorilas","Kits prontos > Gorilas","MANTER / REORGANIZAR","P1","Manter a capacidade; reorganizar na família proposta. Ausência nos cursos ou exemplos não prova desuso.","","","Guerra de Gorilas | Guerra de Gorilas vs Robô","triagem editorial do catálogo; uso externo não medido","start-only-command","packages/studio/src/official-extensions/game-2d/blockCatalogKits.ts:291"
"sz_g2d_new_wind","Sortear o vento da cidade %1","false","Jogo 2D > 🦍 Kit gorilas","Kits prontos > Gorilas","MANTER / REORGANIZAR","P1","Manter a capacidade; reorganizar na família proposta. Ausência nos cursos ou exemplos não prova desuso.","","","Guerra de Gorilas | Guerra de Gorilas vs Robô","triagem editorial do catálogo; uso externo não medido","command","packages/studio/src/official-extensions/game-2d/blockCatalogKits.ts:314"
"sz_g2d_draw_wind","Desenhar a seta do vento da cidade %1","false","Jogo 2D > 🦍 Kit gorilas","Kits prontos > Gorilas","MANTER / REORGANIZAR","P1","Manter a capacidade; reorganizar na família proposta. Ausência nos cursos ou exemplos não prova desuso.","","","Guerra de Gorilas | Guerra de Gorilas vs Robô","triagem editorial do catálogo; uso externo não medido","command","packages/studio/src/official-extensions/game-2d/blockCatalogKits.ts:324"
"sz_g2d_aim_drag","Mirar arrastando a partir do gorila %1","false","Jogo 2D > 🦍 Kit gorilas","Kits prontos > Gorilas","MANTER / REORGANIZAR","P1","Manter a capacidade; reorganizar na família proposta. Ausência nos cursos ou exemplos não prova desuso.","","","Guerra de Gorilas | Guerra de Gorilas vs Robô","triagem editorial do catálogo; uso externo não medido","command","packages/studio/src/official-extensions/game-2d/blockCatalogKits.ts:335"
"sz_g2d_aim_released","soltou a mira do gorila %1 ?","false","Jogo 2D > 🦍 Kit gorilas","Kits prontos > Gorilas","MANTER / REORGANIZAR","P1","Manter a capacidade; reorganizar na família proposta. Ausência nos cursos ou exemplos não prova desuso.","","","Guerra de Gorilas | Guerra de Gorilas vs Robô","triagem editorial do catálogo; uso externo não medido","expression","packages/studio/src/official-extensions/game-2d/blockCatalogKits.ts:346"
"sz_g2d_throw_banana","Jogar a banana do gorila %1 na cidade %2","false","Jogo 2D > 🦍 Kit gorilas","Kits prontos > Gorilas","MANTER / REORGANIZAR","P1","Manter a capacidade; reorganizar na família proposta. Ausência nos cursos ou exemplos não prova desuso.","","","Guerra de Gorilas | Guerra de Gorilas vs Robô","triagem editorial do catálogo; uso externo não medido","command","packages/studio/src/official-extensions/game-2d/blockCatalogKits.ts:355"
"sz_g2d_update_banana","Mover a banana da cidade %1","false","Jogo 2D > 🦍 Kit gorilas","Kits prontos > Gorilas","MANTER / REORGANIZAR","P1","Manter a capacidade; reorganizar na família proposta. Ausência nos cursos ou exemplos não prova desuso.","","","Guerra de Gorilas | Guerra de Gorilas vs Robô","triagem editorial do catálogo; uso externo não medido","command","packages/studio/src/official-extensions/game-2d/blockCatalogKits.ts:368"
"sz_g2d_draw_banana","Desenhar a banana da cidade %1","false","Jogo 2D > 🦍 Kit gorilas","Kits prontos > Gorilas","MANTER / REORGANIZAR","P1","Manter a capacidade; reorganizar na família proposta. Ausência nos cursos ou exemplos não prova desuso.","","","Guerra de Gorilas | Guerra de Gorilas vs Robô","triagem editorial do catálogo; uso externo não medido","command","packages/studio/src/official-extensions/game-2d/blockCatalogKits.ts:379"
"sz_g2d_banana_hit_thrower","a banana da cidade %1 acertou o gorila %2 ?","false","Jogo 2D > 🦍 Kit gorilas","Kits prontos > Gorilas","AJUSTAR","P0","Perguntas consomem a banana; cidade também abre cratera e retorna verdadeiro ao sair da tela. Preservar legado; nova autoria precisa resolução explícita e resultado legível.","","","Guerra de Gorilas | Guerra de Gorilas vs Robô","catálogo e inspeção direcionada; uso externo não medido","expression","packages/studio/src/official-extensions/game-2d/blockCatalogKits.ts:389"
"sz_g2d_banana_hit_city","a banana da cidade %1 bateu num prédio ?","false","Jogo 2D > 🦍 Kit gorilas","Kits prontos > Gorilas","AJUSTAR","P0","Perguntas consomem a banana; cidade também abre cratera e retorna verdadeiro ao sair da tela. Preservar legado; nova autoria precisa resolução explícita e resultado legível.","","","Guerra de Gorilas | Guerra de Gorilas vs Robô","catálogo e inspeção direcionada; uso externo não medido","expression","packages/studio/src/official-extensions/game-2d/blockCatalogKits.ts:401"
"sz_g2d_play_whistle","Tocar som de banana caindo","false","Jogo 2D > 🦍 Kit gorilas","Som > Efeitos prontos","CONSOLIDAR EM PRESET","P1","playFx já despacha os mesmos helpers; kits podem oferecer o mesmo bloco com opção preenchida. IDs e parsers antigos continuam aceitos.","sz_g2d_play_fx (opção equivalente)","","Guerra de Gorilas | Guerra de Gorilas vs Robô","catálogo e inspeção direcionada; uso externo não medido","command","packages/studio/src/official-extensions/game-2d/blockCatalogKits.ts:410"
"sz_g2d_play_boom","Tocar som de explosão","false","Jogo 2D > 🦍 Kit gorilas","Som > Efeitos prontos","CONSOLIDAR EM PRESET","P1","playFx já despacha os mesmos helpers; kits podem oferecer o mesmo bloco com opção preenchida. IDs e parsers antigos continuam aceitos.","sz_g2d_play_fx (opção equivalente)","","Guerra de Gorilas | Guerra de Gorilas vs Robô | Balão","catálogo e inspeção direcionada; uso externo não medido","command","packages/studio/src/official-extensions/game-2d/blockCatalogKits.ts:420"
"sz_g2d_computer_turn","O robô do gorila %1 joga na cidade %2 mirando no %3","false","Jogo 2D > 🦍 Kit gorilas","Kits prontos > Gorilas","MANTER / REORGANIZAR","P1","Manter a capacidade; reorganizar na família proposta. Ausência nos cursos ou exemplos não prova desuso.","","","Guerra de Gorilas vs Robô","triagem editorial do catálogo; uso externo não medido","command","packages/studio/src/official-extensions/game-2d/blockCatalogKits.ts:430"
"sz_g2d_draw_aim_readout","Mostrar ângulo e força da mira","false","Jogo 2D > 🦍 Kit gorilas","Kits prontos > Gorilas","MANTER / REORGANIZAR","P1","Manter a capacidade; reorganizar na família proposta. Ausência nos cursos ou exemplos não prova desuso.","","","Guerra de Gorilas vs Robô","triagem editorial do catálogo; uso externo não medido","command","packages/studio/src/official-extensions/game-2d/blockCatalogKits.ts:445"
"sz_g2d_stickhero_sprite","Criar equilibrista %1 largura %2 altura %3 cor %4","false","Jogo 2D > 🤸 Kit equilibrista","Kits prontos > Equilibrista","MANTER / REORGANIZAR","P1","Manter a capacidade; reorganizar na família proposta. Ausência nos cursos ou exemplos não prova desuso.","","","Equilibrista","triagem editorial do catálogo; uso externo não medido","start-only-command","packages/studio/src/official-extensions/game-2d/blockCatalogKits.ts:458"
"sz_g2d_stickpath_create","Criar o caminho de plataformas %1 com plataformas cor %2 e bastão cor %3","false","Jogo 2D > 🤸 Kit equilibrista","Kits prontos > Equilibrista","MANTER / REORGANIZAR","P1","Manter a capacidade; reorganizar na família proposta. Ausência nos cursos ou exemplos não prova desuso.","","","Equilibrista","triagem editorial do catálogo; uso externo não medido","start-only-command","packages/studio/src/official-extensions/game-2d/blockCatalogKits.ts:475"
"sz_g2d_stickpath_scenery","Desenhar o cenário do caminho %1 (céu, colinas e árvores)","false","Jogo 2D > 🤸 Kit equilibrista","Kits prontos > Equilibrista","MANTER / REORGANIZAR","P1","Manter a capacidade; reorganizar na família proposta. Ausência nos cursos ou exemplos não prova desuso.","","","Equilibrista","triagem editorial do catálogo; uso externo não medido","command","packages/studio/src/official-extensions/game-2d/blockCatalogKits.ts:491"
"sz_g2d_stickpath_grow","Crescer o bastão do caminho %1 (rapidez %2)","false","Jogo 2D > 🤸 Kit equilibrista","Kits prontos > Equilibrista","MANTER / REORGANIZAR","P1","Manter a capacidade; reorganizar na família proposta. Ausência nos cursos ou exemplos não prova desuso.","","","Equilibrista","triagem editorial do catálogo; uso externo não medido","command","packages/studio/src/official-extensions/game-2d/blockCatalogKits.ts:502"
"sz_g2d_stickpath_drop","Derrubar o bastão do caminho %1","false","Jogo 2D > 🤸 Kit equilibrista","Kits prontos > Equilibrista","MANTER / REORGANIZAR","P1","Manter a capacidade; reorganizar na família proposta. Ausência nos cursos ou exemplos não prova desuso.","","","Equilibrista","triagem editorial do catálogo; uso externo não medido","command","packages/studio/src/official-extensions/game-2d/blockCatalogKits.ts:517"
"sz_g2d_stickpath_walk","Fazer o equilibrista %1 andar pelo caminho %2 (rapidez %3)","false","Jogo 2D > 🤸 Kit equilibrista","Kits prontos > Equilibrista","MANTER / REORGANIZAR","P1","Manter a capacidade; reorganizar na família proposta. Ausência nos cursos ou exemplos não prova desuso.","","","Equilibrista","triagem editorial do catálogo; uso externo não medido","command","packages/studio/src/official-extensions/game-2d/blockCatalogKits.ts:528"
"sz_g2d_stickpath_draw","Desenhar as plataformas e o bastão do caminho %1","false","Jogo 2D > 🤸 Kit equilibrista","Kits prontos > Equilibrista","MANTER / REORGANIZAR","P1","Manter a capacidade; reorganizar na família proposta. Ausência nos cursos ou exemplos não prova desuso.","","","Equilibrista","triagem editorial do catálogo; uso externo não medido","command","packages/studio/src/official-extensions/game-2d/blockCatalogKits.ts:544"
"sz_g2d_stickpath_on_cross","Quando o equilibrista atravessar uma plataforma do caminho %1","false","Jogo 2D > 🤸 Kit equilibrista","Kits prontos > Equilibrista","MANTER / REORGANIZAR","P1","Manter a capacidade; reorganizar na família proposta. Ausência nos cursos ou exemplos não prova desuso.","","","Equilibrista","triagem editorial do catálogo; uso externo não medido","event","packages/studio/src/official-extensions/game-2d/blockCatalogKits.ts:555"
"sz_g2d_stickpath_on_perfect","Quando o equilibrista acertar bem no meio no caminho %1","false","Jogo 2D > 🤸 Kit equilibrista","Kits prontos > Equilibrista","MANTER / REORGANIZAR","P1","Manter a capacidade; reorganizar na família proposta. Ausência nos cursos ou exemplos não prova desuso.","","","Equilibrista","triagem editorial do catálogo; uso externo não medido","event","packages/studio/src/official-extensions/game-2d/blockCatalogKits.ts:569"
"sz_g2d_stickpath_fell","o equilibrista caiu no caminho %1 ?","false","Jogo 2D > 🤸 Kit equilibrista","Kits prontos > Equilibrista","MANTER / REORGANIZAR","P1","Manter a capacidade; reorganizar na família proposta. Ausência nos cursos ou exemplos não prova desuso.","","","Equilibrista","triagem editorial do catálogo; uso externo não medido","expression","packages/studio/src/official-extensions/game-2d/blockCatalogKits.ts:583"
"sz_g2d_balloon_sprite","Criar balão %1 em x %2 y %3 largura %4 altura %5, cor do balão %6 cor do cesto %7","false","Jogo 2D > 🎈 Kit balão","Kits prontos > Balão","MANTER / REORGANIZAR","P1","Manter a capacidade; reorganizar na família proposta. Ausência nos cursos ou exemplos não prova desuso.","","","Balão","triagem editorial do catálogo; uso externo não medido","start-only-command","packages/studio/src/official-extensions/game-2d/blockCatalogKits.ts:593"
"sz_g2d_balloonpath_create","Criar o caminho de árvores %1","false","Jogo 2D > 🎈 Kit balão","Kits prontos > Balão","MANTER / REORGANIZAR","P1","Manter a capacidade; reorganizar na família proposta. Ausência nos cursos ou exemplos não prova desuso.","","","Balão","triagem editorial do catálogo; uso externo não medido","start-only-command","packages/studio/src/official-extensions/game-2d/blockCatalogKits.ts:613"
"sz_g2d_balloonpath_scenery","Desenhar o cenário do caminho %1 (céu, colinas, chão e árvores)","false","Jogo 2D > 🎈 Kit balão","Kits prontos > Balão","MANTER / REORGANIZAR","P1","Manter a capacidade; reorganizar na família proposta. Ausência nos cursos ou exemplos não prova desuso.","","","Balão","triagem editorial do catálogo; uso externo não medido","command","packages/studio/src/official-extensions/game-2d/blockCatalogKits.ts:624"
"sz_g2d_balloon_fire","Acender o fogo do balão %1 (força %2)","false","Jogo 2D > 🎈 Kit balão","Kits prontos > Balão","MANTER / REORGANIZAR","P1","Manter a capacidade; reorganizar na família proposta. Ausência nos cursos ou exemplos não prova desuso.","","","Balão","triagem editorial do catálogo; uso externo não medido","command","packages/studio/src/official-extensions/game-2d/blockCatalogKits.ts:635"
"sz_g2d_balloon_fly","Fazer o balão %1 voar e cair devagar","false","Jogo 2D > 🎈 Kit balão","Kits prontos > Balão","MANTER / REORGANIZAR","P1","Manter a capacidade; reorganizar na família proposta. Ausência nos cursos ou exemplos não prova desuso.","","","Balão","triagem editorial do catálogo; uso externo não medido","command","packages/studio/src/official-extensions/game-2d/blockCatalogKits.ts:650"
"sz_g2d_balloonpath_scroll","Avançar o caminho %1 com o balão %2 (velocidade %3)","false","Jogo 2D > 🎈 Kit balão","Kits prontos > Balão","MANTER / REORGANIZAR","P1","Manter a capacidade; reorganizar na família proposta. Ausência nos cursos ou exemplos não prova desuso.","","","Balão","triagem editorial do catálogo; uso externo não medido","command","packages/studio/src/official-extensions/game-2d/blockCatalogKits.ts:661"
"sz_g2d_balloonpath_on_tree","Quando o balão bater numa árvore do caminho %1","false","Jogo 2D > 🎈 Kit balão","Kits prontos > Balão","MANTER / REORGANIZAR","P1","Manter a capacidade; reorganizar na família proposta. Ausência nos cursos ou exemplos não prova desuso.","","","Balão","triagem editorial do catálogo; uso externo não medido","event","packages/studio/src/official-extensions/game-2d/blockCatalogKits.ts:677"
"sz_g2d_balloonpath_meters","os metros voados no caminho %1","false","Jogo 2D > 🎈 Kit balão","Kits prontos > Balão","MANTER / REORGANIZAR","P1","Manter a capacidade; reorganizar na família proposta. Ausência nos cursos ou exemplos não prova desuso.","","","Balão","triagem editorial do catálogo; uso externo não medido","expression","packages/studio/src/official-extensions/game-2d/blockCatalogKits.ts:691"
"sz_g2d_balloon_fuel_left","o combustível do balão %1","false","Jogo 2D > 🎈 Kit balão","Kits prontos > Balão","MANTER / REORGANIZAR","P1","Manter a capacidade; reorganizar na família proposta. Ausência nos cursos ou exemplos não prova desuso.","","","Balão","triagem editorial do catálogo; uso externo não medido","expression","packages/studio/src/official-extensions/game-2d/blockCatalogKits.ts:699"
"sz_g2d_balloon_landed_out","o balão %1 pousou sem combustível ?","false","Jogo 2D > 🎈 Kit balão","Kits prontos > Balão","MANTER / REORGANIZAR","P1","Manter a capacidade; reorganizar na família proposta. Ausência nos cursos ou exemplos não prova desuso.","","","Balão","triagem editorial do catálogo; uso externo não medido","expression","packages/studio/src/official-extensions/game-2d/blockCatalogKits.ts:708"
"sz_g2d_fit_tilemap_to_stage","Preparar o mapa %1 encaixado na tela","false","Jogo 2D > 🗺️ Mapas","Cenários > Mapas","MANTER / REORGANIZAR","P1","Manter a capacidade; reorganizar na família proposta. Ausência nos cursos ou exemplos não prova desuso.","","","Sala com paredes","triagem editorial do catálogo; uso externo não medido","start-only-command","packages/studio/src/official-extensions/game-2d/blockCatalogWorlds.ts:20"
"sz_g2d_place_tilemap","Preparar o mapa %1 em x %2 y %3 com tiles de %4 px","false","Jogo 2D > 🗺️ Mapas","Cenários > Mapas","MANTER / REORGANIZAR","P1","Manter a capacidade; reorganizar na família proposta. Ausência nos cursos ou exemplos não prova desuso.","","","","triagem editorial do catálogo; uso externo não medido","start-only-command","packages/studio/src/official-extensions/game-2d/blockCatalogWorlds.ts:31"
"sz_g2d_draw_prepared_tilemap","Desenhar o mapa preparado %1","false","Jogo 2D > 🗺️ Mapas","Cenários > Mapas","MANTER / REORGANIZAR","P1","Manter a capacidade; reorganizar na família proposta. Ausência nos cursos ou exemplos não prova desuso.","","","Sala com paredes","triagem editorial do catálogo; uso externo não medido","loop-command","packages/studio/src/official-extensions/game-2d/blockCatalogWorlds.ts:48"
"sz_g2d_platformer_terrain","Mover o sprite %1 estilo plataforma sobre o terreno, velocidade %2 pulo %3","false","Jogo 2D > 🕹️ Movimento","Movimento > Plataforma","AJUSTAR","P0","Manter chão na borda, terreno confirmado e controlador clássico com gravidade própria separados; oferecer receitas de combinações válidas.","","","Mundo Pirata","catálogo e inspeção direcionada; uso externo não medido","command","packages/studio/src/official-extensions/game-2d/blockCatalogWorlds.ts:61"
"sz_g2d_jump_terrain","Fazer o sprite %1 pular sobre o terreno, força %2","false","Jogo 2D > 🕹️ Movimento","Movimento > Plataforma","AJUSTAR","P0","Manter chão na borda, terreno confirmado e controlador clássico com gravidade própria separados; oferecer receitas de combinações válidas.","","","","catálogo e inspeção direcionada; uso externo não medido","command","packages/studio/src/official-extensions/game-2d/blockCatalogWorlds.ts:77"
"sz_g2d_create_world","Criar Mundo %1 com largura %2 altura %3","false","Jogo 2D > 🌍 Mundos","Cenários > Mundos e câmera","MANTER / REORGANIZAR","P1","Manter a capacidade; reorganizar na família proposta. Ausência nos cursos ou exemplos não prova desuso.","","","Mundo Pirata | Escalada do Guerreiro | Portas do Castelo | Vale Ensolarado | Vila Ninja | Aventura com câmera","triagem editorial do catálogo; uso externo não medido","start-only-command","packages/studio/src/official-extensions/game-2d/blockCatalogWorlds.ts:94"
"sz_g2d_create_world_from_tilemap","Criar Mundo %1 do mapa %2 com tiles de %3 px","false","Jogo 2D > 🌍 Mundos","Cenários > Mundos e câmera","MANTER / REORGANIZAR","P1","Manter a capacidade; reorganizar na família proposta. Ausência nos cursos ou exemplos não prova desuso.","","","Aventura do Herói","triagem editorial do catálogo; uso externo não medido","start-only-command","packages/studio/src/official-extensions/game-2d/blockCatalogWorlds.ts:110"
"sz_g2d_world_add_tilemap","No Mundo %1 usar o mapa preparado %2 como terreno","false","Jogo 2D > 🌍 Mundos","Cenários > Mundos e câmera","MANTER / REORGANIZAR","P1","Manter a capacidade; reorganizar na família proposta. Ausência nos cursos ou exemplos não prova desuso.","","","","triagem editorial do catálogo; uso externo não medido","start-only-command","packages/studio/src/official-extensions/game-2d/blockCatalogWorlds.ts:126"
"sz_g2d_world_add_solid_group","No Mundo %1 usar as figuras do grupo %2 como terreno sólido","false","Jogo 2D > 🌍 Mundos","Cenários > Mundos e câmera","MANTER / REORGANIZAR","P1","Manter a capacidade; reorganizar na família proposta. Ausência nos cursos ou exemplos não prova desuso.","","","Mundo Pirata | Portas do Castelo","triagem editorial do catálogo; uso externo não medido","start-only-command","packages/studio/src/official-extensions/game-2d/blockCatalogWorlds.ts:140"
"sz_g2d_world_add_platform_group","No Mundo %1 usar as figuras do grupo %2 como plataformas","false","Jogo 2D > 🌍 Mundos","Cenários > Mundos e câmera","MANTER / REORGANIZAR","P1","Manter a capacidade; reorganizar na família proposta. Ausência nos cursos ou exemplos não prova desuso.","","","","triagem editorial do catálogo; uso externo não medido","start-only-command","packages/studio/src/official-extensions/game-2d/blockCatalogWorlds.ts:154"
"sz_g2d_world_add_enemy_type","No Mundo %1 os inimigos do tipo %2 andam no terreno","false","Jogo 2D > 🌍 Mundos","Cenários > Mundos e câmera","MANTER / REORGANIZAR","P1","Manter a capacidade; reorganizar na família proposta. Ausência nos cursos ou exemplos não prova desuso.","","","","triagem editorial do catálogo; uso externo não medido","command","packages/studio/src/official-extensions/game-2d/blockCatalogWorlds.ts:168"
"sz_g2d_world_set_edges","No Mundo %1 usar bordas %2","false","Jogo 2D > 🌍 Mundos","Cenários > Mundos e câmera","MANTER / REORGANIZAR","P1","Manter a capacidade; reorganizar na família proposta. Ausência nos cursos ou exemplos não prova desuso.","","","Mundo Pirata","triagem editorial do catálogo; uso externo não medido","start-only-command","packages/studio/src/official-extensions/game-2d/blockCatalogWorlds.ts:182"
"sz_g2d_world_camera","No Mundo %1 configurar câmera horizontal %2 vertical %3 folga x %4 y %5","false","Jogo 2D > 🌍 Mundos","Cenários > Mundos e câmera","MANTER / REORGANIZAR","P1","Manter a capacidade; reorganizar na família proposta. Ausência nos cursos ou exemplos não prova desuso.","","","Aventura do Herói | Mundo Pirata | Escalada do Guerreiro | Vale Ensolarado | Vila Ninja | Aventura com câmera","triagem editorial do catálogo; uso externo não medido","start-only-command","packages/studio/src/official-extensions/game-2d/blockCatalogWorlds.ts:204"
"sz_g2d_world_collide","Fazer o sprite %1 colidir com o Mundo %2","false","Jogo 2D > 🌍 Mundos","Cenários > Mundos e câmera","MANTER / REORGANIZAR","P1","Manter a capacidade; reorganizar na família proposta. Ausência nos cursos ou exemplos não prova desuso.","","","Mundo Pirata | Reino Zero","triagem editorial do catálogo; uso externo não medido","command","packages/studio/src/official-extensions/game-2d/blockCatalogWorlds.ts:240"
"sz_g2d_world_follow_camera","Fazer a câmera do Mundo %1 seguir o sprite %2","false","Jogo 2D > 🌍 Mundos","Cenários > Mundos e câmera","MANTER / REORGANIZAR","P1","Manter a capacidade; reorganizar na família proposta. Ausência nos cursos ou exemplos não prova desuso.","","","Aventura do Herói | Mundo Pirata | Escalada do Guerreiro | Reino Zero | Vale Ensolarado | Vila Ninja | Aventura com câmera","triagem editorial do catálogo; uso externo não medido","command","packages/studio/src/official-extensions/game-2d/blockCatalogWorlds.ts:254"
"sz_g2d_world_draw","Desenhar o terreno do Mundo %1","false","Jogo 2D > 🌍 Mundos","Cenários > Mundos e câmera","MANTER / REORGANIZAR","P1","Manter a capacidade; reorganizar na família proposta. Ausência nos cursos ou exemplos não prova desuso.","","","Aventura do Herói | Mundo Pirata | Reino Zero","triagem editorial do catálogo; uso externo não medido","loop-command","packages/studio/src/official-extensions/game-2d/blockCatalogWorlds.ts:268"
"sz_g2d_create_level","Criar Fase %1 usando o Mundo %2, entrada x %3 y %4","false","Jogo 2D > 🚩 Fases","Cenários > Fases e campanha","MANTER / REORGANIZAR","P1","Manter a capacidade; reorganizar na família proposta. Ausência nos cursos ou exemplos não prova desuso.","","","Portas do Castelo","triagem editorial do catálogo; uso externo não medido","start-only-command","packages/studio/src/official-extensions/game-2d/blockCatalogWorlds.ts:281"
"sz_g2d_enter_level","Entrar na Fase %1 com o sprite %2","false","Jogo 2D > 🚩 Fases","Cenários > Fases e campanha","MANTER / REORGANIZAR","P1","Manter a capacidade; reorganizar na família proposta. Ausência nos cursos ou exemplos não prova desuso.","","","Portas do Castelo","triagem editorial do catálogo; uso externo não medido","command","packages/studio/src/official-extensions/game-2d/blockCatalogWorlds.ts:298"
"sz_g2d_level_reset_group","Na Fase %1 reiniciar o grupo %2 junto com ela","false","Jogo 2D > 🚩 Fases","Cenários > Fases e campanha","MANTER / REORGANIZAR","P1","Manter a capacidade; reorganizar na família proposta. Ausência nos cursos ou exemplos não prova desuso.","","","","triagem editorial do catálogo; uso externo não medido","start-only-command","packages/studio/src/official-extensions/game-2d/blockCatalogWorlds.ts:312"
"sz_g2d_restart_level","Reiniciar a Fase %1 com o sprite %2","false","Jogo 2D > 🚩 Fases","Cenários > Fases e campanha","MANTER / REORGANIZAR","P1","Manter a capacidade; reorganizar na família proposta. Ausência nos cursos ou exemplos não prova desuso.","","","Reino Zero","triagem editorial do catálogo; uso externo não medido","command","packages/studio/src/official-extensions/game-2d/blockCatalogWorlds.ts:326"
"sz_g2d_on_level_enter","Quando entrar na Fase %1","false","Jogo 2D > 🚩 Fases","Cenários > Fases e campanha","MANTER / REORGANIZAR","P1","Manter a capacidade; reorganizar na família proposta. Ausência nos cursos ou exemplos não prova desuso.","","","","triagem editorial do catálogo; uso externo não medido","event","packages/studio/src/official-extensions/game-2d/blockCatalogWorlds.ts:340"
"sz_g2d_level_is_active","a Fase %1 está ativa?","false","Jogo 2D > 🚩 Fases","Cenários > Fases e campanha","MANTER / REORGANIZAR","P1","Manter a capacidade; reorganizar na família proposta. Ausência nos cursos ou exemplos não prova desuso.","","","","triagem editorial do catálogo; uso externo não medido","expression","packages/studio/src/official-extensions/game-2d/blockCatalogWorlds.ts:353"
"sz_g2d_current_level_collide","Fazer o sprite %1 colidir com a Fase atual","false","Jogo 2D > 🚩 Fases","Cenários > Fases e campanha","MANTER / REORGANIZAR","P1","Manter a capacidade; reorganizar na família proposta. Ausência nos cursos ou exemplos não prova desuso.","","","Portas do Castelo","triagem editorial do catálogo; uso externo não medido","command","packages/studio/src/official-extensions/game-2d/blockCatalogWorlds.ts:361"
"sz_g2d_current_level_follow_camera","Fazer a câmera da Fase atual seguir o sprite %1","false","Jogo 2D > 🚩 Fases","Cenários > Fases e campanha","MANTER / REORGANIZAR","P1","Manter a capacidade; reorganizar na família proposta. Ausência nos cursos ou exemplos não prova desuso.","","","","triagem editorial do catálogo; uso externo não medido","command","packages/studio/src/official-extensions/game-2d/blockCatalogWorlds.ts:372"
"sz_g2d_current_level_draw","Desenhar o terreno da Fase atual","false","Jogo 2D > 🚩 Fases","Cenários > Fases e campanha","MANTER / REORGANIZAR","P1","Manter a capacidade; reorganizar na família proposta. Ausência nos cursos ou exemplos não prova desuso.","","","Portas do Castelo","triagem editorial do catálogo; uso externo não medido","loop-command","packages/studio/src/official-extensions/game-2d/blockCatalogWorlds.ts:382"
